region,year,date,day_of_year,gdd
Napa Valley,2018,2018-04-01,91,15.677239447904483
Napa Valley,2018,2018-04-02,92,36.80411577655396
Napa Valley,2018,2018-04-03,93,55.49136580388327
Napa Valley,2018,2018-04-04,94,70.46134868612081
Napa Valley,2018,2018-04-05,95,88.47278569677472
Napa Valley,2018,2018-04-06,96,103.46097068139595
Napa Valley,2018,2018-04-07,97,118.44220725939006
Napa Valley,2018,2018-04-08,98,135.55026163005257
Napa Valley,2018,2018-04-09,99,146.18119322949622
Napa Valley,2018,2018-04-10,100,157.37820797724476
Napa Valley,2018,2018-04-11,101,172.06926070686583
Napa Valley,2018,2018-04-12,102,185.40630054404866
Napa Valley,2018,2018-04-13,103,202.7315922841891
Napa Valley,2018,2018-04-14,104,216.38360739280134
Napa Valley,2018,2018-04-15,105,228.5201173910444
Napa Valley,2018,2018-04-16,106,249.305701142828
Napa Valley,2018,2018-04-17,107,265.0080667646776
Napa Valley,2018,2018-04-18,108,281.59189666493944
Napa Valley,2018,2018-04-19,109,293.69100741192716
Napa Valley,2018,2018-04-20,110,308.4358692221811
Napa Valley,2018,2018-04-21,111,325.1501117127908
Napa Valley,2018,2018-04-22,112,338.07193368460815
Napa Valley,2018,2018-04-23,113,355.5819023847588
Napa Valley,2018,2018-04-24,114,370.15769886165697
Napa Valley,2018,2018-04-25,115,385.6619636161047
Napa Valley,2018,2018-04-26,116,400.23455067974015
Napa Valley,2018,2018-04-27,117,422.182066869694
Napa Valley,2018,2018-04-28,118,438.52239208311363
Napa Valley,2018,2018-04-29,119,451.72455520540154
Napa Valley,2018,2018-04-30,120,470.57742716076274
Napa Valley,2018,2018-05-01,121,483.28932960284226
Napa Valley,2018,2018-05-02,122,500.2979129441248
Napa Valley,2018,2018-05-03,123,510.7894296328097
Napa Valley,2018,2018-05-04,124,523.1787373361643
Napa Valley,2018,2018-05-05,125,540.1512501410314
Napa Valley,2018,2018-05-06,126,558.7514425601631
Napa Valley,2018,2018-05-07,127,575.6473417143551
Napa Valley,2018,2018-05-08,128,591.6806736605994
Napa Valley,2018,2018-05-09,129,607.1566588252875
Napa Valley,2018,2018-05-10,130,619.0941638463494
Napa Valley,2018,2018-05-11,131,633.3117135030576
Napa Valley,2018,2018-05-12,132,648.3082499459838
Napa Valley,2018,2018-05-13,133,667.8660941035139
Napa Valley,2018,2018-05-14,134,685.279654005029
Napa Valley,2018,2018-05-15,135,696.362100223453
Napa Valley,2018,2018-05-16,136,713.7169538823691
Napa Valley,2018,2018-05-17,137,728.940559280055
Napa Valley,2018,2018-05-18,138,743.2871024998124
Napa Valley,2018,2018-05-19,139,761.5062536784227
Napa Valley,2018,2018-05-20,140,780.9855916085301
Napa Valley,2018,2018-05-21,141,800.1652440909436
Napa Valley,2018,2018-05-22,142,814.0240426512312
Napa Valley,2018,2018-05-23,143,829.4756589028277
Napa Valley,2018,2018-05-24,144,846.8520889071026
Napa Valley,2018,2018-05-25,145,866.1647704519843
Napa Valley,2018,2018-05-26,146,881.1056024933243
Napa Valley,2018,2018-05-27,147,896.9285321954092
Napa Valley,2018,2018-05-28,148,909.9845660969471
Napa Valley,2018,2018-05-29,149,922.7705098778589
Napa Valley,2018,2018-05-30,150,941.593271591049
Napa Valley,2018,2018-05-31,151,962.050050654654
Napa Valley,2018,2018-06-01,152,978.2145278074981
Napa Valley,2018,2018-06-02,153,997.6113206419462
Napa Valley,2018,2018-06-03,154,1015.0790290134731
Napa Valley,2018,2018-06-04,155,1029.5211471155253
Napa Valley,2018,2018-06-05,156,1046.9881329572856
Napa Valley,2018,2018-06-06,157,1067.9912628312823
Napa Valley,2018,2018-06-07,158,1084.2644835444266
Napa Valley,2018,2018-06-08,159,1105.3475753637704
Napa Valley,2018,2018-06-09,160,1113.855377155943
Napa Valley,2018,2018-06-10,161,1132.7063184915748
Napa Valley,2018,2018-06-11,162,1149.348808182843
Napa Valley,2018,2018-06-12,163,1164.8310934667209
Napa Valley,2018,2018-06-13,164,1181.4877492052526
Napa Valley,2018,2018-06-14,165,1191.895422014973
Napa Valley,2018,2018-06-15,166,1207.6161331500891
Napa Valley,2018,2018-06-16,167,1225.0702472445537
Napa Valley,2018,2018-06-17,168,1245.8926315671577
Napa Valley,2018,2018-06-18,169,1260.715968958504
Napa Valley,2018,2018-06-19,170,1274.667101723638
Napa Valley,2018,2018-06-20,171,1289.5400659476952
Napa Valley,2018,2018-06-21,172,1308.6720004755182
Napa Valley,2018,2018-06-22,173,1326.0408802313857
Napa Valley,2018,2018-06-23,174,1340.8296869162707
Napa Valley,2018,2018-06-24,175,1358.7530912192863
Napa Valley,2018,2018-06-25,176,1375.425725387157
Napa Valley,2018,2018-06-26,177,1394.7176700397902
Napa Valley,2018,2018-06-27,178,1408.9886871054318
Napa Valley,2018,2018-06-28,179,1424.3848564969526
Napa Valley,2018,2018-06-29,180,1439.5873471292175
Napa Valley,2018,2018-06-30,181,1451.5699526223882
Napa Valley,2018,2018-07-01,182,1468.840767354364
Napa Valley,2018,2018-07-02,183,1486.0062016755965
Napa Valley,2018,2018-07-03,184,1502.4024573317618
Napa Valley,2018,2018-07-04,185,1518.0783438702106
Napa Valley,2018,2018-07-05,186,1530.205636530216
Napa Valley,2018,2018-07-06,187,1545.322364771536
Napa Valley,2018,2018-07-07,188,1560.6732974682097
Napa Valley,2018,2018-07-08,189,1574.643112101428
Napa Valley,2018,2018-07-09,190,1590.539290465108
Napa Valley,2018,2018-07-10,191,1608.1344675881128
Napa Valley,2018,2018-07-11,192,1630.1838862054337
Napa Valley,2018,2018-07-12,193,1647.0894309240232
Napa Valley,2018,2018-07-13,194,1664.2443320698353
Napa Valley,2018,2018-07-14,195,1680.4014889615635
Napa Valley,2018,2018-07-15,196,1691.0159186171616
Napa Valley,2018,2018-07-16,197,1707.317125056665
Napa Valley,2018,2018-07-17,198,1723.8790223866458
Napa Valley,2018,2018-07-18,199,1747.6626606559016
Napa Valley,2018,2018-07-19,200,1763.4654489588074
Napa Valley,2018,2018-07-20,201,1780.7525735806312
Napa Valley,2018,2018-07-21,202,1797.0291429933675
Napa Valley,2018,2018-07-22,203,1809.8978180831157
Napa Valley,2018,2018-07-23,204,1829.7132171226515
Napa Valley,2018,2018-07-24,205,1848.3538800998379
Napa Valley,2018,2018-07-25,206,1867.1120465443141
Napa Valley,2018,2018-07-26,207,1880.7599643066314
Napa Valley,2018,2018-07-27,208,1901.3566523596594
Napa Valley,2018,2018-07-28,209,1913.5245755388398
Napa Valley,2018,2018-07-29,210,1931.6691379080003
Napa Valley,2018,2018-07-30,211,1954.6329744374402
Napa Valley,2018,2018-07-31,212,1968.037016537527
Napa Valley,2018,2018-08-01,213,1982.716017463286
Napa Valley,2018,2018-08-02,214,1999.3963866866832
Napa Valley,2018,2018-08-03,215,2014.2641859924881
Napa Valley,2018,2018-08-04,216,2025.9848852644147
Napa Valley,2018,2018-08-05,217,2042.571824946079
Napa Valley,2018,2018-08-06,218,2055.760185431033
Napa Valley,2018,2018-08-07,219,2073.564354956493
Napa Valley,2018,2018-08-08,220,2087.1821093139197
Napa Valley,2018,2018-08-09,221,2108.2209956099573
Napa Valley,2018,2018-08-10,222,2122.247982757617
Napa Valley,2018,2018-08-11,223,2137.6609836520306
Napa Valley,2018,2018-08-12,224,2156.486724791862
Napa Valley,2018,2018-08-13,225,2169.1685122531717
Napa Valley,2018,2018-08-14,226,2186.2329829360287
Napa Valley,2018,2018-08-15,227,2206.542210589106
Napa Valley,2018,2018-08-16,228,2218.0921500322415
Napa Valley,2018,2018-08-17,229,2235.0279160563705
Napa Valley,2018,2018-08-18,230,2252.18982674467
Napa Valley,2018,2018-08-19,231,2270.9203172730226
Napa Valley,2018,2018-08-20,232,2283.5838133709467
Napa Valley,2018,2018-08-21,233,2295.996350248904
Napa Valley,2018,2018-08-22,234,2313.9458228114013
Napa Valley,2018,2018-08-23,235,2331.2192353021283
Napa Valley,2018,2018-08-24,236,2348.352926512103
Napa Valley,2018,2018-08-25,237,2365.7749911357882
Napa Valley,2018,2018-08-26,238,2380.112209786985
Napa Valley,2018,2018-08-27,239,2397.1910871031487
Napa Valley,2018,2018-08-28,240,2414.452742309444
Napa Valley,2018,2018-08-29,241,2428.6867993788005
Napa Valley,2018,2018-08-30,242,2450.674875906592
Napa Valley,2018,2018-08-31,243,2468.4797681744053
Napa Valley,2018,2018-09-01,244,2481.280447259819
Napa Valley,2018,2018-09-02,245,2499.63446767368
Napa Valley,2018,2018-09-03,246,2513.086157565387
Napa Valley,2018,2018-09-04,247,2531.8324611095236
Napa Valley,2018,2018-09-05,248,2551.695261836475
Napa Valley,2018,2018-09-06,249,2565.6097640109197
Napa Valley,2018,2018-09-07,250,2584.8858742221046
Napa Valley,2018,2018-09-08,251,2602.5072877132
Napa Valley,2018,2018-09-09,252,2621.3587028492484
Napa Valley,2018,2018-09-10,253,2643.4399987927804
Napa Valley,2018,2018-09-11,254,2659.083425276269
Napa Valley,2018,2018-09-12,255,2673.1991198711567
Napa Valley,2018,2018-09-13,256,2686.9067617818646
Napa Valley,2018,2018-09-14,257,2700.835905815938
Napa Valley,2018,2018-09-15,258,2716.9850812849804
Napa Valley,2018,2018-09-16,259,2734.391229202313
Napa Valley,2018,2018-09-17,260,2751.6036527733313
Napa Valley,2018,2018-09-18,261,2770.4704642633583
Napa Valley,2018,2018-09-19,262,2786.8904269330537
Napa Valley,2018,2018-09-20,263,2807.6396025566096
Napa Valley,2018,2018-09-21,264,2823.2251210106133
Napa Valley,2018,2018-09-22,265,2847.780898869801
Napa Valley,2018,2018-09-23,266,2866.0420971988683
Napa Valley,2018,2018-09-24,267,2879.846980806829
Napa Valley,2018,2018-09-25,268,2893.0095295280603
Napa Valley,2018,2018-09-26,269,2910.8403859576993
Napa Valley,2018,2018-09-27,270,2926.5497043570745
Napa Valley,2018,2018-09-28,271,2945.076369161131
Napa Valley,2018,2018-09-29,272,2962.8794723924716
Napa Valley,2018,2018-09-30,273,2979.0414888429646
Napa Valley,2018,2018-10-01,274,2992.877518761772
Napa Valley,2018,2018-10-02,275,3004.7058560206897
Napa Valley,2018,2018-10-03,276,3019.7448385959087
Napa Valley,2018,2018-10-04,277,3038.6994511905586
Napa Valley,2018,2018-10-05,278,3055.723752632121
Napa Valley,2018,2018-10-06,279,3068.360838062172
Napa Valley,2018,2018-10-07,280,3085.262184734183
Napa Valley,2018,2018-10-08,281,3102.801062378079
Napa Valley,2018,2018-10-09,282,3116.52570517878
Napa Valley,2018,2018-10-10,283,3133.3685815240433
Napa Valley,2018,2018-10-11,284,3149.9244036914865
Napa Valley,2018,2018-10-12,285,3162.870337922853
Napa Valley,2018,2018-10-13,286,3180.3264799515787
Napa Valley,2018,2018-10-14,287,3198.3926867672703
Napa Valley,2018,2018-10-15,288,3218.0284550678607
Napa Valley,2018,2018-10-16,289,3237.5763211483763
Napa Valley,2018,2018-10-17,290,3249.816917265792
Napa Valley,2018,2018-10-18,291,3263.3793719172277
Napa Valley,2018,2018-10-19,292,3281.3080890694414
Napa Valley,2018,2018-10-20,293,3299.2330516673665
Napa Valley,2018,2018-10-21,294,3317.1618061425347
Napa Valley,2018,2018-10-22,295,3345.1212590702153
Napa Valley,2018,2018-10-23,296,3363.217837271356
Napa Valley,2018,2018-10-24,297,3383.0114264176746
Napa Valley,2018,2018-10-25,298,3402.2593639673537
Napa Valley,2018,2018-10-26,299,3420.5978700147566
Napa Valley,2018,2018-10-27,300,3436.031283636041
Napa Valley,2018,2018-10-28,301,3454.6930923784585
Napa Valley,2018,2018-10-29,302,3468.751418894965
Napa Valley,2018,2018-10-30,303,3484.420599215048
Napa Valley,2018,2018-10-31,304,3499.342830602247
Napa Valley,2019,2019-04-01,91,14.383344634704887
Napa Valley,2019,2019-04-02,92,33.39615583718491
Napa Valley,2019,2019-04-03,93,49.36986685343911
Napa Valley,2019,2019-04-04,94,61.95641340116657
Napa Valley,2019,2019-04-05,95,75.61793442661985
Napa Valley,2019,2019-04-06,96,93.41663414434156
Napa Valley,2019,2019-04-07,97,107.0334796111975
Napa Valley,2019,2019-04-08,98,123.45854146341077
Napa Valley,2019,2019-04-09,99,139.37676534839264
Napa Valley,2019,2019-04-10,100,153.22722602181398
Napa Valley,2019,2019-04-11,101,175.36907302207302
Napa Valley,2019,2019-04-12,102,193.03229287966684
Napa Valley,2019,2019-04-13,103,202.80892478837356
Napa Valley,2019,2019-04-14,104,219.14499609168303
Napa Valley,2019,2019-04-15,105,232.96524546477605
Napa Valley,2019,2019-04-16,106,251.27656325948908
Napa Valley,2019,2019-04-17,107,264.70906405853356
Napa Valley,2019,2019-04-18,108,280.1518249622526
Napa Valley,2019,2019-04-19,109,297.43264242277417
Napa Valley,2019,2019-04-20,110,315.78347190658843
Napa Valley,2019,2019-04-21,111,328.00653902302975
Napa Valley,2019,2019-04-22,112,342.797493149106
Napa Valley,2019,2019-04-23,113,357.1719001187822
Napa Valley,2019,2019-04-24,114,371.0172330421331
Napa Valley,2019,2019-04-25,115,392.03650602147724
Napa Valley,2019,2019-04-26,116,409.0207140672707
Napa Valley,2019,2019-04-27,117,421.0640828199688
Napa Valley,2019,2019-04-28,118,439.56945723345626
Napa Valley,2019,2019-04-29,119,461.64668289197397
Napa Valley,2019,2019-04-30,120,480.4919625968891
Napa Valley,2019,2019-05-01,121,491.7686801906562
Napa Valley,2019,2019-05-02,122,506.1155373525815
Napa Valley,2019,2019-05-03,123,525.6561669184166
Napa Valley,2019,2019-05-04,124,539.3403305685072
Napa Valley,2019,2019-05-05,125,556.4397285261409
Napa Valley,2019,2019-05-06,126,574.520299175775
Napa Valley,2019,2019-05-07,127,587.5541502488938
Napa Valley,2019,2019-05-08,128,603.1606633121459
Napa Valley,2019,2019-05-09,129,609.3303555425
Napa Valley,2019,2019-05-10,130,622.075155569213
Napa Valley,2019,2019-05-11,131,637.1091174068218
Napa Valley,2019,2019-05-12,132,649.1913421202646
Napa Valley,2019,2019-05-13,133,669.8160191959423
Napa Valley,2019,2019-05-14,134,681.357382446805
Napa Valley,2019,2019-05-15,135,695.8353027840145
Napa Valley,2019,2019-05-16,136,712.0061310974135
Napa Valley,2019,2019-05-17,137,732.0639063910775
Napa Valley,2019,2019-05-18,138,743.5883022347264
Napa Valley,2019,2019-05-19,139,762.821224386639
Napa Valley,2019,2019-05-20,140,778.6346359623701
Napa Valley,2019,2019-05-21,141,791.506612030026
Napa Valley,2019,2019-05-22,142,808.6602391703447
Napa Valley,2019,2019-05-23,143,825.0336971381845
Napa Valley,2019,2019-05-24,144,839.0365575369193
Napa Valley,2019,2019-05-25,145,855.0266466085709
Napa Valley,2019,2019-05-26,146,869.6668948793453
Napa Valley,2019,2019-05-27,147,885.7866403093133
Napa Valley,2019,2019-05-28,148,903.5335339244205
Napa Valley,2019,2019-05-29,149,924.0206082431575
Napa Valley,2019,2019-05-30,150,936.1323963971197
Napa Valley,2019,2019-05-31,151,958.2418829922899
Napa Valley,2019,2019-06-01,152,968.2351902130252
Napa Valley,2019,2019-06-02,153,983.568067440574
Napa Valley,2019,2019-06-03,154,1001.0960355499626
Napa Valley,2019,2019-06-04,155,1017.7124985235588
Napa Valley,2019,2019-06-05,156,1031.6486770003414
Napa Valley,2019,2019-06-06,157,1046.8144622249315
Napa Valley,2019,2019-06-07,158,1061.1353174971941
Napa Valley,2019,2019-06-08,159,1075.1703645140258
Napa Valley,2019,2019-06-09,160,1093.4732850585046
Napa Valley,2019,2019-06-10,161,1110.3152286863813
Napa Valley,2019,2019-06-11,162,1124.043169064059
Napa Valley,2019,2019-06-12,163,1142.494379469655
Napa Valley,2019,2019-06-13,164,1159.188869074725
Napa Valley,2019,2019-06-14,165,1177.3828214523157
Napa Valley,2019,2019-06-15,166,1195.0333169394464
Napa Valley,2019,2019-06-16,167,1208.357637635823
Napa Valley,2019,2019-06-17,168,1222.4792414845933
Napa Valley,2019,2019-06-18,169,1240.4787223056203
Napa Valley,2019,2019-06-19,170,1258.0720982221674
Napa Valley,2019,2019-06-20,171,1273.7931666216598
Napa Valley,2019,2019-06-21,172,1289.9242123540082
Napa Valley,2019,2019-06-22,173,1309.4967367687889
Napa Valley,2019,2019-06-23,174,1323.5252390720925
Napa Valley,2019,2019-06-24,175,1340.9309521060502
Napa Valley,2019,2019-06-25,176,1356.1143240971019
Napa Valley,2019,2019-06-26,177,1371.2517581461293
Napa Valley,2019,2019-06-27,178,1390.293713323371
Napa Valley,2019,2019-06-28,179,1408.524900656281
Napa Valley,2019,2019-06-29,180,1426.720773523802
Napa Valley,2019,2019-06-30,181,1446.3757920250114
Napa Valley,2019,2019-07-01,182,1462.2211489713563
Napa Valley,2019,2019-07-02,183,1480.0268341113867
Napa Valley,2019,2019-07-03,184,1494.8896659823545
Napa Valley,2019,2019-07-04,185,1511.6341814125037
Napa Valley,2019,2019-07-05,186,1527.0312473961703
Napa Valley,2019,2019-07-06,187,1543.101991585247
Napa Valley,2019,2019-07-07,188,1560.650246112047
Napa Valley,2019,2019-07-08,189,1574.0065226994113
Napa Valley,2019,2019-07-09,190,1595.9954558507536
Napa Valley,2019,2019-07-10,191,1608.794740763917
Napa Valley,2019,2019-07-11,192,1620.9766045844515
Napa Valley,2019,2019-07-12,193,1640.194540257009
Napa Valley,2019,2019-07-13,194,1658.3256166454967
Napa Valley,2019,2019-07-14,195,1675.9597727559785
Napa Valley,2019,2019-07-15,196,1693.6064619695533
Napa Valley,2019,2019-07-16,197,1709.3531999540196
Napa Valley,2019,2019-07-17,198,1722.475068233121
Napa Valley,2019,2019-07-18,199,1738.482960214142
Napa Valley,2019,2019-07-19,200,1752.2576076969776
Napa Valley,2019,2019-07-20,201,1770.932804639731
Napa Valley,2019,2019-07-21,202,1786.2797039299703
Napa Valley,2019,2019-07-22,203,1799.6143988947235
Napa Valley,2019,2019-07-23,204,1814.4442523488178
Napa Valley,2019,2019-07-24,205,1831.4520387688808
Napa Valley,2019,2019-07-25,206,1845.5631328108348
Napa Valley,2019,2019-07-26,207,1858.9075465353842
Napa Valley,2019,2019-07-27,208,1875.413366547053
Napa Valley,2019,2019-07-28,209,1891.9229810485156
Napa Valley,2019,2019-07-29,210,1906.202484624672
Napa Valley,2019,2019-07-30,211,1920.588479495405
Napa Valley,2019,2019-07-31,212,1937.059784178194
Napa Valley,2019,2019-08-01,213,1948.5479298730893
Napa Valley,2019,2019-08-02,214,1960.156553286158
Napa Valley,2019,2019-08-03,215,1973.8087597760061
Napa Valley,2019,2019-08-04,216,1988.9587517212265
Napa Valley,2019,2019-08-05,217,2005.6639425307826
Napa Valley,2019,2019-08-06,218,2025.8228053687897
Napa Valley,2019,2019-08-07,219,2044.1496239638675
Napa Valley,2019,2019-08-08,220,2059.4583186822833
Napa Valley,2019,2019-08-09,221,2075.1849790029787
Napa Valley,2019,2019-08-10,222,2087.9946091265183
Napa Valley,2019,2019-08-11,223,2103.7227615227835
Napa Valley,2019,2019-08-12,224,2118.6496815366754
Napa Valley,2019,2019-08-13,225,2135.389902918095
Napa Valley,2019,2019-08-14,226,2148.719455713048
Napa Valley,2019,2019-08-15,227,2166.042861645901
Napa Valley,2019,2019-08-16,228,2186.371917486447
Napa Valley,2019,2019-08-17,229,2201.8324036509393
Napa Valley,2019,2019-08-18,230,2218.806913141925
Napa Valley,2019,2019-08-19,231,2236.6368922669785
Napa Valley,2019,2019-08-20,232,2251.2299618757593
Napa Valley,2019,2019-08-21,233,2267.6776653103448
Napa Valley,2019,2019-08-22,234,2283.4980745203065
Napa Valley,2019,2019-08-23,235,2299.570835937224
Napa Valley,2019,2019-08-24,236,2313.0612048423404
Napa Valley,2019,2019-08-25,237,2328.9169613223185
Napa Valley,2019,2019-08-26,238,2346.1770499414097
Napa Valley,2019,2019-08-27,239,2366.2640998996685
Napa Valley,2019,2019-08-28,240,2384.892290108486
Napa Valley,2019,2019-08-29,241,2407.061537452896
Napa Valley,2019,2019-08-30,242,2420.5687001034057
Napa Valley,2019,2019-08-31,243,2438.9390022237035
Napa Valley,2019,2019-09-01,244,2455.265842639389
Napa Valley,2019,2019-09-02,245,2477.543703714828
Napa Valley,2019,2019-09-03,246,2490.929409429847
Napa Valley,2019,2019-09-04,247,2504.221915106275
Napa Valley,2019,2019-09-05,248,2518.2272201177584
Napa Valley,2019,2019-09-06,249,2527.710957231289
Napa Valley,2019,2019-09-07,250,2541.934666206861
Napa Valley,2019,2019-09-08,251,2555.466193671501
Napa Valley,2019,2019-09-09,252,2571.6953120080543
Napa Valley,2019,2019-09-10,253,2588.4919970120814
Napa Valley,2019,2019-09-11,254,2609.8396475634054
Napa Valley,2019,2019-09-12,255,2628.441598234217
Napa Valley,2019,2019-09-13,256,2642.5136039927593
Napa Valley,2019,2019-09-14,257,2655.632030904845
Napa Valley,2019,2019-09-15,258,2672.8740892863852
Napa Valley,2019,2019-09-16,259,2684.7414323691905
Napa Valley,2019,2019-09-17,260,2705.956470085313
Napa Valley,2019,2019-09-18,261,2725.2376667908325
Napa Valley,2019,2019-09-19,262,2739.6291861596455
Napa Valley,2019,2019-09-20,263,2750.331211815701
Napa Valley,2019,2019-09-21,264,2770.129762200904
Napa Valley,2019,2019-09-22,265,2785.5731061950373
Napa Valley,2019,2019-09-23,266,2805.027442539322
Napa Valley,2019,2019-09-24,267,2816.0815443449374
Napa Valley,2019,2019-09-25,268,2830.0869016234756
Napa Valley,2019,2019-09-26,269,2845.8855151078124
Napa Valley,2019,2019-09-27,270,2861.8079172567295
Napa Valley,2019,2019-09-28,271,2876.256116064527
Napa Valley,2019,2019-09-29,272,2893.8865057871317
Napa Valley,2019,2019-09-30,273,2906.503080433858
Napa Valley,2019,2019-10-01,274,2921.8638540329466
Napa Valley,2019,2019-10-02,275,2938.003703379324
Napa Valley,2019,2019-10-03,276,2955.3125534811834
Napa Valley,2019,2019-10-04,277,2973.2062137308812
Napa Valley,2019,2019-10-05,278,2985.6536661750883
Napa Valley,2019,2019-10-06,279,2996.886653504256
Napa Valley,2019,2019-10-07,280,3016.4592132910325
Napa Valley,2019,2019-10-08,281,3033.2278941007794
Napa Valley,2019,2019-10-09,282,3046.7909972163266
Napa Valley,2019,2019-10-10,283,3067.1746648930484
Napa Valley,2019,2019-10-11,284,3083.3008086891546
Napa Valley,2019,2019-10-12,285,3102.5815814546963
Napa Valley,2019,2019-10-13,286,3118.564897520257
Napa Valley,2019,2019-10-14,287,3140.459990603391
Napa Valley,2019,2019-10-15,288,3161.449267962761
Napa Valley,2019,2019-10-16,289,3176.493919017142
Napa Valley,2019,2019-10-17,290,3195.1585905230595
Napa Valley,2019,2019-10-18,291,3212.855790813529
Napa Valley,2019,2019-10-19,292,3232.6981158887525
Napa Valley,2019,2019-10-20,293,3245.6192824538502
Napa Valley,2019,2019-10-21,294,3263.437123420398
Napa Valley,2019,2019-10-22,295,3282.3593963475073
Napa Valley,2019,2019-10-23,296,3292.926160937895
Napa Valley,2019,2019-10-24,297,3305.1997612394707
Napa Valley,2019,2019-10-25,298,3314.9346044212753
Napa Valley,2019,2019-10-26,299,3329.9186239204364
Napa Valley,2019,2019-10-27,300,3347.829864351592
Napa Valley,2019,2019-10-28,301,3368.068809749686
Napa Valley,2019,2019-10-29,302,3384.071630651217
Napa Valley,2019,2019-10-30,303,3404.685049777083
Napa Valley,2019,2019-10-31,304,3416.374827877266
Napa Valley,2020,2020-04-01,92,14.191535916086359
Napa Valley,2020,2020-04-02,93,24.69466154179625
Napa Valley,2020,2020-04-03,94,41.18902350169434
Napa Valley,2020,2020-04-04,95,56.76359867365303
Napa Valley,2020,2020-04-05,96,68.37320148695306
Napa Valley,2020,2020-04-06,97,81.27569190192722
Napa Valley,2020,2020-04-07,98,92.5231340426293
Napa Valley,2020,2020-04-08,99,106.79491440409866
Napa Valley,2020,2020-04-09,100,124.15563593975531
Napa Valley,2020,2020-04-10,101,135.6261019676147
Napa Valley,2020,2020-04-11,102,151.6178128092704
Napa Valley,2020,2020-04-12,103,164.4705598110888
Napa Valley,2020,2020-04-13,104,176.52630752306487
Napa Valley,2020,2020-04-14,105,190.66348820031527
Napa Valley,2020,2020-04-15,106,201.98367947337314
Napa Valley,2020,2020-04-16,107,214.76543607965834
Napa Valley,2020,2020-04-17,108,225.59205185871411
Napa Valley,2020,2020-04-18,109,246.0167115897764
Napa Valley,2020,2020-04-19,110,260.5857337627053
Napa Valley,2020,2020-04-20,111,272.9241701666047
Napa Valley,2020,2020-04-21,112,288.03557070713504
Napa Valley,2020,2020-04-22,113,302.15667366026935
Napa Valley,2020,2020-04-23,114,315.9480651820314
Napa Valley,2020,2020-04-24,115,332.27397489801814
Napa Valley,2020,2020-04-25,116,349.0349039012967
Napa Valley,2020,2020-04-26,117,361.8869118270085
Napa Valley,2020,2020-04-27,118,374.60138891270935
Napa Valley,2020,2020-04-28,119,388.2286490699682
Napa Valley,2020,2020-04-29,120,395.7046527849984
Napa Valley,2020,2020-04-30,121,405.5682688692133
Napa Valley,2020,2020-05-01,122,424.17853746826574
Napa Valley,2020,2020-05-02,123,443.63277955893005
Napa Valley,2020,2020-05-03,124,457.33899348402696
Napa Valley,2020,2020-05-04,125,473.55076307375697
Napa Valley,2020,2020-05-05,126,488.9573647722496
Napa Valley,2020,2020-05-06,127,512.7633262528386
Napa Valley,2020,2020-05-07,128,530.6230769812813
Napa Valley,2020,2020-05-08,129,544.6968679239974
Napa Valley,2020,2020-05-09,130,556.2589429107514
Napa Valley,2020,2020-05-10,131,565.8456124510471
Napa Valley,2020,2020-05-11,132,580.9250976144117
Napa Valley,2020,2020-05-12,133,593.0916845917674
Napa Valley,2020,2020-05-13,134,603.2373521341806
Napa Valley,2020,2020-05-14,135,615.7370990834768
Napa Valley,2020,2020-05-15,136,626.9167592940671
Napa Valley,2020,2020-05-16,137,646.4989931527798
Napa Valley,2020,2020-05-17,138,663.6366450113807
Napa Valley,2020,2020-05-18,139,678.074451574841
Napa Valley,2020,2020-05-19,140,697.0278709225108
Napa Valley,2020,2020-05-20,141,711.7246749549734
Napa Valley,2020,2020-05-21,142,723.5728040307133
Napa Valley,2020,2020-05-22,143,742.657268262319
Napa Valley,2020,2020-05-23,144,758.7547848826224
Napa Valley,2020,2020-05-24,145,770.0688948149108
Napa Valley,2020,2020-05-25,146,783.9532467645207
Napa Valley,2020,2020-05-26,147,795.7578740600692
Napa Valley,2020,2020-05-27,148,806.0232787360874
Napa Valley,2020,2020-05-28,149,823.296096364178
Napa Valley,2020,2020-05-29,150,843.5529027993516
Napa Valley,2020,2020-05-30,151,853.770454346941
Napa Valley,2020,2020-05-31,152,869.9409871472892
Napa Valley,2020,2020-06-01,153,882.4283831900608
Napa Valley,2020,2020-06-02,154,895.412030301749
Napa Valley,2020,2020-06-03,155,908.0762025789145
Napa Valley,2020,2020-06-04,156,919.9161176101513
Napa Valley,2020,2020-06-05,157,934.5253761310767
Napa Valley,2020,2020-06-06,158,946.4655647786096
Napa Valley,2020,2020-06-07,159,961.7483646090635
Napa Valley,2020,2020-06-08,160,976.0579015738683
Napa Valley,2020,2020-06-09,161,989.7947311015068
Napa Valley,2020,2020-06-10,162,1001.5024086901586
Napa Valley,2020,2020-06-11,163,1014.2139932854319
Napa Valley,2020,2020-06-12,164,1030.9684990644175
Napa Valley,2020,2020-06-13,165,1046.9507128473467
Napa Valley,2020,2020-06-14,166,1058.4459760791683
Napa Valley,2020,2020-06-15,167,1073.2094376764182
Napa Valley,2020,2020-06-16,168,1089.9517915820795
Napa Valley,2020,2020-06-17,169,1099.3473897584797
Napa Valley,2020,2020-06-18,170,1115.4584119381043
Napa Valley,2020,2020-06-19,171,1127.909446798141
Napa Valley,2020,2020-06-20,172,1144.103133823708
Napa Valley,2020,2020-06-21,173,1156.2487547694877
Napa Valley,2020,2020-06-22,174,1165.233200342173
Napa Valley,2020,2020-06-23,175,1174.755846208756
Napa Valley,2020,2020-06-24,176,1189.363779464981
Napa Valley,2020,2020-06-25,177,1204.6140021704286
Napa Valley,2020,2020-06-26,178,1216.331534047774
Napa Valley,2020,2020-06-27,179,1232.7315724179102
Napa Valley,2020,2020-06-28,180,1242.1511010960226
Napa Valley,2020,2020-06-29,181,1256.4125608193995
Napa Valley,2020,2020-06-30,182,1267.1993037314876
Napa Valley,2020,2020-07-01,183,1279.6830775565418
Napa Valley,2020,2020-07-02,184,1294.2889280660952
Napa Valley,2020,2020-07-03,185,1306.1397000036047
Napa Valley,2020,2020-07-04,186,1319.434631781774
Napa Valley,2020,2020-07-05,187,1336.9505876718142
Napa Valley,2020,2020-07-06,188,1349.6618064487484
Napa Valley,2020,2020-07-07,189,1366.6600138334352
Napa Valley,2020,2020-07-08,190,1377.693518878403
Napa Valley,2020,2020-07-09,191,1393.7634005096893
Napa Valley,2020,2020-07-10,192,1412.6003556954954
Napa Valley,2020,2020-07-11,193,1419.5612735715401
Napa Valley,2020,2020-07-12,194,1431.6048138093458
Napa Valley,2020,2020-07-13,195,1447.818146847878
Napa Valley,2020,2020-07-14,196,1461.663935771874
Napa Valley,2020,2020-07-15,197,1477.2523123365797
Napa Valley,2020,2020-07-16,198,1489.8813068042587
Napa Valley,2020,2020-07-17,199,1504.6060966977197
Napa Valley,2020,2020-07-18,200,1518.5956411257123
Napa Valley,2020,2020-07-19,201,1536.6016936008273
Napa Valley,2020,2020-07-20,202,1551.8358265377753
Napa Valley,2020,2020-07-21,203,1567.3224042950699
Napa Valley,2020,2020-07-22,204,1580.5344194991253
Napa Valley,2020,2020-07-23,205,1593.5166073298444
Napa Valley,2020,2020-07-24,206,1606.6658580094781
Napa Valley,2020,2020-07-25,207,1622.324965738507
Napa Valley,2020,2020-07-26,208,1635.5093409492854
Napa Valley,2020,2020-07-27,209,1650.8507682174
Napa Valley,2020,2020-07-28,210,1671.6113126281132
Napa Valley,2020,2020-07-29,211,1688.7170528161669
Napa Valley,2020,2020-07-30,212,1702.1896208072403
Napa Valley,2020,2020-07-31,213,1720.297134156176
Napa Valley,2020,2020-08-01,214,1733.520686646883
Napa Valley,2020,2020-08-02,215,1741.7972750778788
Napa Valley,2020,2020-08-03,216,1753.1998809283766
Napa Valley,2020,2020-08-04,217,1761.984299704276
Napa Valley,2020,2020-08-05,218,1775.3795093685399
Napa Valley,2020,2020-08-06,219,1789.8974088721236
Napa Valley,2020,2020-08-07,220,1809.4471566553295
Napa Valley,2020,2020-08-08,221,1824.9013364525945
Napa Valley,2020,2020-08-09,222,1838.6984003343769
Napa Valley,2020,2020-08-10,223,1855.6775290047194
Napa Valley,2020,2020-08-11,224,1863.4290546953084
Napa Valley,2020,2020-08-12,225,1878.6061132696516
Napa Valley,2020,2020-08-13,226,1895.407580309461
Napa Valley,2020,2020-08-14,227,1905.3822867309736
Napa Valley,2020,2020-08-15,228,1923.3154176363153
Napa Valley,2020,2020-08-16,229,1938.8047077820272
Napa Valley,2020,2020-08-17,230,1952.0063712516314
Napa Valley,2020,2020-08-18,231,1968.3887753112344
Napa Valley,2020,2020-08-19,232,1989.742002949077
Napa Valley,2020,2020-08-20,233,2004.7559431772793
Napa Valley,2020,2020-08-21,234,2019.9712592286655
Napa Valley,2020,2020-08-22,235,2033.0391675447295
Napa Valley,2020,2020-08-23,236,2044.9220148598893
Napa Valley,2020,2020-08-24,237,2061.903966660358
Napa Valley,2020,2020-08-25,238,2073.7678781253007
Napa Valley,2020,2020-08-26,239,2088.4470737110078
Napa Valley,2020,2020-08-27,240,2101.459454645665
Napa Valley,2020,2020-08-28,241,2117.375091699932
Napa Valley,2020,2020-08-29,242,2132.8497104358303
Napa Valley,2020,2020-08-30,243,2150.460496873082
Napa Valley,2020,2020-08-31,244,2163.374673056181
Napa Valley,2020,2020-09-01,245,2177.017643938891
Napa Valley,2020,2020-09-02,246,2188.5092396356085
Napa Valley,2020,2020-09-03,247,2201.6228760638205
Napa Valley,2020,2020-09-04,248,2217.229931011383
Napa Valley,2020,2020-09-05,249,2233.98928464107
Napa Valley,2020,2020-09-06,250,2245.6526482915438
Napa Valley,2020,2020-09-07,251,2262.7537791912996
Napa Valley,2020,2020-09-08,252,2281.3299469110716
Napa Valley,2020,2020-09-09,253,2297.0466645808533
Napa Valley,2020,2020-09-10,254,2317.204471509125
Napa Valley,2020,2020-09-11,255,2329.3181352947736
Napa Valley,2020,2020-09-12,256,2340.00279020121
Napa Valley,2020,2020-09-13,257,2349.066633219934
Napa Valley,2020,2020-09-14,258,2368.0689142688657
Napa Valley,2020,2020-09-15,259,2384.516822018239
Napa Valley,2020,2020-09-16,260,2398.8101329402925
Napa Valley,2020,2020-09-17,261,2414.121799713233
Napa Valley,2020,2020-09-18,262,2425.168105195084
Napa Valley,2020,2020-09-19,263,2447.05261201397
Napa Valley,2020,2020-09-20,264,2461.906782039831
Napa Valley,2020,2020-09-21,265,2476.7007818401357
Napa Valley,2020,2020-09-22,266,2493.365381225855
Napa Valley,2020,2020-09-23,267,2509.2871772345447
Napa Valley,2020,2020-09-24,268,2524.4286353309376
Napa Valley,2020,2020-09-25,269,2536.4916617705685
Napa Valley,2020,2020-09-26,270,2552.3845026011913
Napa Valley,2020,2020-09-27,271,2572.5581778308724
Napa Valley,2020,2020-09-28,272,2591.1033359632515
Napa Valley,2020,2020-09-29,273,2610.4004299251196
Napa Valley,2020,2020-09-30,274,2623.3109664737794
Napa Valley,2020,2020-10-01,275,2634.769660982326
Napa Valley,2020,2020-10-02,276,2648.849918205318
Napa Valley,2020,2020-10-03,277,2663.4810376550963
Napa Valley,2020,2020-10-04,278,2681.263753447649
Napa Valley,2020,2020-10-05,279,2690.589369827561
Napa Valley,2020,2020-10-06,280,2709.69333677718
Napa Valley,2020,2020-10-07,281,2723.675807978617
Napa Valley,2020,2020-10-08,282,2736.8422878920237
Napa Valley,2020,2020-10-09,283,2748.2326994968785
Napa Valley,2020,2020-10-10,284,2757.672450603618
Napa Valley,2020,2020-10-11,285,2774.6326569568405
Napa Valley,2020,2020-10-12,286,2789.3171687903027
Napa Valley,2020,2020-10-13,287,2799.864325926351
Napa Valley,2020,2020-10-14,288,2810.3959510581935
Napa Valley,2020,2020-10-15,289,2823.838895315176
Napa Valley,2020,2020-10-16,290,2843.3661372546653
Napa Valley,2020,2020-10-17,291,2857.0403173311142
Napa Valley,2020,2020-10-18,292,2866.940497688354
Napa Valley,2020,2020-10-19,293,2880.656705318966
Napa Valley,2020,2020-10-20,294,2894.291031007045
Napa Valley,2020,2020-10-21,295,2900.568371472602
Napa Valley,2020,2020-10-22,296,2914.8655967649224
Napa Valley,2020,2020-10-23,297,2928.6267461596044
Napa Valley,2020,2020-10-24,298,2945.2016344233
Napa Valley,2020,2020-10-25,299,2965.274951824716
Napa Valley,2020,2020-10-26,300,2983.1559165532526
Napa Valley,2020,2020-10-27,301,2996.8018805464703
Napa Valley,2020,2020-10-28,302,3007.905736418259
Napa Valley,2020,2020-10-29,303,3030.1775145734373
Napa Valley,2020,2020-10-30,304,3044.8192363576854
Napa Valley,2020,2020-10-31,305,3059.323512128971
Napa Valley,2021,2021-04-01,91,15.683176078015833
Napa Valley,2021,2021-04-02,92,29.84248671650888
Napa Valley,2021,2021-04-03,93,43.49623786371253
Napa Valley,2021,2021-04-04,94,59.59474340858242
Napa Valley,2021,2021-04-05,95,74.6147937935231
Napa Valley,2021,2021-04-06,96,94.88368595103555
Napa Valley,2021,2021-04-07,97,102.75399272159137
Napa Valley,2021,2021-04-08,98,121.79200873502853
Napa Valley,2021,2021-04-09,99,141.29129307943373
Napa Valley,2021,2021-04-10,100,150.88512182612445
Napa Valley,2021,2021-04-11,101,165.64344072333043
Napa Valley,2021,2021-04-12,102,180.31595863640786
Napa Valley,2021,2021-04-13,103,191.89679720973402
Napa Valley,2021,2021-04-14,104,205.3566724183067
Napa Valley,2021,2021-04-15,105,217.82358017234344
Napa Valley,2021,2021-04-16,106,238.83334279583025
Napa Valley,2021,2021-04-17,107,257.40636007251675
Napa Valley,2021,2021-04-18,108,276.98164768730754
Napa Valley,2021,2021-04-19,109,294.9160609922138
Napa Valley,2021,2021-04-20,110,307.32783579940474
Napa Valley,2021,2021-04-21,111,321.5435582829812
Napa Valley,2021,2021-04-22,112,338.78478597719345
Napa Valley,2021,2021-04-23,113,350.9188179363788
Napa Valley,2021,2021-04-24,114,368.82734874957146
Napa Valley,2021,2021-04-25,115,383.8911207852416
Napa Valley,2021,2021-04-26,116,398.55355280922555
Napa Valley,2021,2021-04-27,117,416.45600076535925
Napa Valley,2021,2021-04-28,118,433.5626145751237
Napa Valley,2021,2021-04-29,119,448.26638943823644
Napa Valley,2021,2021-04-30,120,467.50679201822925
Napa Valley,2021,2021-05-01,121,480.0617663785449
Napa Valley,2021,2021-05-02,122,497.68065760637984
Napa Valley,2021,2021-05-03,123,515.2314101674283
Napa Valley,2021,2021-05-04,124,530.0886236774794
Napa Valley,2021,2021-05-05,125,546.8427316888664
Napa Valley,2021,2021-05-06,126,558.890268887248
Napa Valley,2021,2021-05-07,127,577.4285179694316
Napa Valley,2021,2021-05-08,128,592.6576753710788
Napa Valley,2021,2021-05-09,129,606.8787609123082
Napa Valley,2021,2021-05-10,130,625.7899622052505
Napa Valley,2021,2021-05-11,131,639.4690839563433
Napa Valley,2021,2021-05-12,132,651.0470888780428
Napa Valley,2021,2021-05-13,133,662.1829545637631
Napa Valley,2021,2021-05-14,134,679.7722272138936
Napa Valley,2021,2021-05-15,135,691.7322848917458
Napa Valley,2021,2021-05-16,136,712.7495784582444
Napa Valley,2021,2021-05-17,137,722.3179259427816
Napa Valley,2021,2021-05-18,138,743.1611369964586
Napa Valley,2021,2021-05-19,139,759.5717353043259
Napa Valley,2021,2021-05-20,140,775.0640524994017
Napa Valley,2021,2021-05-21,141,789.2189040364781
Napa Valley,2021,2021-05-22,142,806.1908563740997
Napa Valley,2021,2021-05-23,143,821.8594660511609
Napa Valley,2021,2021-05-24,144,840.9326789351619
Napa Valley,2021,2021-05-25,145,857.0544523152496
Napa Valley,2021,2021-05-26,146,873.2838723794745
Napa Valley,2021,2021-05-27,147,887.9797513278062
Napa Valley,2021,2021-05-28,148,903.5907363958659
Napa Valley,2021,2021-05-29,149,920.2901431689947
Napa Valley,2021,2021-05-30,150,930.9678413062477
Napa Valley,2021,2021-05-31,151,942.7257119957715
Napa Valley,2021,2021-06-01,152,960.7245568348357
Napa Valley,2021,2021-06-02,153,977.015339783272
Napa Valley,2021,2021-06-03,154,992.2472389233967
Napa Valley,2021,2021-06-04,155,1008.0831597891795
Napa Valley,2021,2021-06-05,156,1024.9012715816084
Napa Valley,2021,2021-06-06,157,1039.0715190067244
Napa Valley,2021,2021-06-07,158,1052.529937889748
Napa Valley,2021,2021-06-08,159,1068.8952616725512
Napa Valley,2021,2021-06-09,160,1081.7566689937944
Napa Valley,2021,2021-06-10,161,1098.7558257762923
Napa Valley,2021,2021-06-11,162,1109.4561572442026
Napa Valley,2021,2021-06-12,163,1128.3081145861345
Napa Valley,2021,2021-06-13,164,1145.4992787648848
Napa Valley,2021,2021-06-14,165,1162.0441955888277
Napa Valley,2021,2021-06-15,166,1180.757500432396
Napa Valley,2021,2021-06-16,167,1201.5082601100205
Napa Valley,2021,2021-06-17,168,1220.3160966764588
Napa Valley,2021,2021-06-18,169,1230.6037630419314
Napa Valley,2021,2021-06-19,170,1242.5663642750817
Napa Valley,2021,2021-06-20,171,1256.482792339184
Napa Valley,2021,2021-06-21,172,1272.341562367615
Napa Valley,2021,2021-06-22,173,1289.6671920890324
Napa Valley,2021,2021-06-23,174,1303.2824549657032
Napa Valley,2021,2021-06-24,175,1319.6206881470632
Napa Valley,2021,2021-06-25,176,1333.1475066336998
Napa Valley,2021,2021-06-26,177,1347.1036247742084
Napa Valley,2021,2021-06-27,178,1358.68700156769
Napa Valley,2021,2021-06-28,179,1371.7129475919146
Napa Valley,2021,2021-06-29,180,1383.4603765692834
Napa Valley,2021,2021-06-30,181,1396.329242578164
Napa Valley,2021,2021-07-01,182,1415.2542676589646
Napa Valley,2021,2021-07-02,183,1428.2021342944358
Napa Valley,2021,2021-07-03,184,1451.838187361749
Napa Valley,2021,2021-07-04,185,1469.091182148902
Napa Valley,2021,2021-07-05,186,1485.4236542162016
Napa Valley,2021,2021-07-06,187,1498.643191385077
Napa Valley,2021,2021-07-07,188,1516.5138590240936
Napa Valley,2021,2021-07-08,189,1530.5770445385367
Napa Valley,2021,2021-07-09,190,1546.722040232314
Napa Valley,2021,2021-07-10,191,1570.142354410923
Napa Valley,2021,2021-07-11,192,1585.636620818774
Napa Valley,2021,2021-07-12,193,1604.8470144442122
Napa Valley,2021,2021-07-13,194,1618.5296193648658
Napa Valley,2021,2021-07-14,195,1634.206125450666
Napa Valley,2021,2021-07-15,196,1655.2711829544205
Napa Valley,2021,2021-07-16,197,1669.1811998627134
Napa Valley,2021,2021-07-17,198,1690.3705365349754
Napa Valley,2021,2021-07-18,199,1708.2634115851906
Napa Valley,2021,2021-07-19,200,1722.3659000730415
Napa Valley,2021,2021-07-20,201,1740.0339448424281
Napa Valley,2021,2021-07-21,202,1758.717001837238
Napa Valley,2021,2021-07-22,203,1776.3534223906058
Napa Valley,2021,2021-07-23,204,1787.4487183887634
Napa Valley,2021,2021-07-24,205,1801.0598234120669
Napa Valley,2021,2021-07-25,206,1816.102130521963
Napa Valley,2021,2021-07-26,207,1831.6609312363194
Napa Valley,2021,2021-07-27,208,1849.2939563532136
Napa Valley,2021,2021-07-28,209,1865.605136911268
Napa Valley,2021,2021-07-29,210,1877.4013258791372
Napa Valley,2021,2021-07-30,211,1894.3167656349017
Napa Valley,2021,2021-07-31,212,1911.919692648411
Napa Valley,2021,2021-08-01,213,1929.3710443380828
Napa Valley,2021,2021-08-02,214,1948.3770531350558
Napa Valley,2021,2021-08-03,215,1966.6464254756581
Napa Valley,2021,2021-08-04,216,1983.7975515536639
Napa Valley,2021,2021-08-05,217,1999.36908731865
Napa Valley,2021,2021-08-06,218,2010.193622603103
Napa Valley,2021,2021-08-07,219,2027.2565348355208
Napa Valley,2021,2021-08-08,220,2043.657196938383
Napa Valley,2021,2021-08-09,221,2060.2485129454685
Napa Valley,2021,2021-08-10,222,2072.2195542171908
Napa Valley,2021,2021-08-11,223,2084.7745488307746
Napa Valley,2021,2021-08-12,224,2103.6981148840846
Napa Valley,2021,2021-08-13,225,2119.3609938525397
Napa Valley,2021,2021-08-14,226,2137.1755340938075
Napa Valley,2021,2021-08-15,227,2153.040950557345
Napa Valley,2021,2021-08-16,228,2168.910657367805
Napa Valley,2021,2021-08-17,229,2187.491449306986
Napa Valley,2021,2021-08-18,230,2201.732463155973
Napa Valley,2021,2021-08-19,231,2217.80020486211
Napa Valley,2021,2021-08-20,232,2232.2016690014075
Napa Valley,2021,2021-08-21,233,2246.686027038915
Napa Valley,2021,2021-08-22,234,2261.5443575233408
Napa Valley,2021,2021-08-23,235,2277.988127355578
Napa Valley,2021,2021-08-24,236,2292.340434369945
Napa Valley,2021,2021-08-25,237,2311.8685771892324
Napa Valley,2021,2021-08-26,238,2324.979944245356
Napa Valley,2021,2021-08-27,239,2340.203224552355
Napa Valley,2021,2021-08-28,240,2354.6719616323835
Napa Valley,2021,2021-08-29,241,2374.7707182982754
Napa Valley,2021,2021-08-30,242,2391.138159323101
Napa Valley,2021,2021-08-31,243,2409.998140463186
Napa Valley,2021,2021-09-01,244,2421.3460784668164
Napa Valley,2021,2021-09-02,245,2437.923881024802
Napa Valley,2021,2021-09-03,246,2456.359490315506
Napa Valley,2021,2021-09-04,247,2472.3859424598018
Napa Valley,2021,2021-09-05,248,2491.3462943613317
Napa Valley,2021,2021-09-06,249,2505.5835968914175
Napa Valley,2021,2021-09-07,250,2525.5700627142946
Napa Valley,2021,2021-09-08,251,2548.210985542805
Napa Valley,2021,2021-09-09,252,2562.9091731008766
Napa Valley,2021,2021-09-10,253,2577.3606878899054
Napa Valley,2021,2021-09-11,254,2597.4785621005994
Napa Valley,2021,2021-09-12,255,2617.972985671788
Napa Valley,2021,2021-09-13,256,2632.1936623794045
Napa Valley,2021,2021-09-14,257,2646.7207203048683
Napa Valley,2021,2021-09-15,258,2661.6607762956332
Napa Valley,2021,2021-09-16,259,2673.4297921183615
Napa Valley,2021,2021-09-17,260,2686.4694089351733
Napa Valley,2021,2021-09-18,261,2699.25392348284
Napa Valley,2021,2021-09-19,262,2712.7436961782796
Napa Valley,2021,2021-09-20,263,2728.42110822865
Napa Valley,2021,2021-09-21,264,2744.900928161124
Napa Valley,2021,2021-09-22,265,2765.3086006857593
Napa Valley,2021,2021-09-23,266,2778.110383069528
Napa Valley,2021,2021-09-24,267,2796.8285561233192
Napa Valley,2021,2021-09-25,268,2811.9709175540543
Napa Valley,2021,2021-09-26,269,2827.6042289713428
Napa Valley,2021,2021-09-27,270,2845.3988322126224
Napa Valley,2021,2021-09-28,271,2857.829495261516
Napa Valley,2021,2021-09-29,272,2874.751535406399
Napa Valley,2021,2021-09-30,273,2891.0291490894037
Napa Valley,2021,2021-10-01,274,2908.2795577953348
Napa Valley,2021,2021-10-02,275,2924.923362532433
Napa Valley,2021,2021-10-03,276,2948.0309956176743
Napa Valley,2021,2021-10-04,277,2961.9088656560307
Napa Valley,2021,2021-10-05,278,2976.10526142549
Napa Valley,2021,2021-10-06,279,2990.026696865827
Napa Valley,2021,2021-10-07,280,3004.150042786121
Napa Valley,2021,2021-10-08,281,3018.0289657645812
Napa Valley,2021,2021-10-09,282,3037.357954800523
Napa Valley,2021,2021-10-10,283,3057.3777130115554
Napa Valley,2021,2021-10-11,284,3071.455495066616
Napa Valley,2021,2021-10-12,285,3084.7526239253443
Napa Valley,2021,2021-10-13,286,3101.940261186652
Napa Valley,2021,2021-10-14,287,3116.0733174045395
Napa Valley,2021,2021-10-15,288,3133.7429260470167
Napa Valley,2021,2021-10-16,289,3150.1293701833183
Napa Valley,2021,2021-10-17,290,3161.3872386194753
Napa Valley,2021,2021-10-18,291,3181.785973067156
Napa Valley,2021,2021-10-19,292,3202.925861515348
Napa Valley,2021,2021-10-20,293,3216.878187273623
Napa Valley,2021,2021-10-21,294,3231.502182585628
Napa Valley,2021,2021-10-22,295,3248.1361302749874
Napa Valley,2021,2021-10-23,296,3264.9150767627143
Napa Valley,2021,2021-10-24,297,3282.661114058053
Napa Valley,2021,2021-10-25,298,3304.4405629727485
Napa Valley,2021,2021-10-26,299,3319.6934581604282
Napa Valley,2021,2021-10-27,300,3333.092218517558
Napa Valley,2021,2021-10-28,301,3344.7571846084506
Napa Valley,2021,2021-10-29,302,3358.356971564201
Napa Valley,2021,2021-10-30,303,3374.03903249762
Napa Valley,2021,2021-10-31,304,3395.174982577999
Napa Valley,2022,2022-04-01,91,13.444669278370831
Napa Valley,2022,2022-04-02,92,27.010325524789895
Napa Valley,2022,2022-04-03,93,45.054587895513336
Napa Valley,2022,2022-04-04,94,62.040907152553956
Napa Valley,2022,2022-04-05,95,82.42886324460228
Napa Valley,2022,2022-04-06,96,99.12909814902963
Napa Valley,2022,2022-04-07,97,113.07482651663999
Napa Valley,2022,2022-04-08,98,129.7947053887615
Napa Valley,2022,2022-04-09,99,148.0274532100579
Napa Valley,2022,2022-04-10,100,165.41850185591915
Napa Valley,2022,2022-04-11,101,181.8948819787894
Napa Valley,2022,2022-04-12,102,200.00489192229702
Napa Valley,2022,2022-04-13,103,218.41458789820015
Napa Valley,2022,2022-04-14,104,237.44591345865337
Napa Valley,2022,2022-04-15,105,254.3353317668629
Napa Valley,2022,2022-04-16,106,268.8422700463593
Napa Valley,2022,2022-04-17,107,284.26569801004337
Napa Valley,2022,2022-04-18,108,302.7840690115133
Napa Valley,2022,2022-04-19,109,315.39333095116626
Napa Valley,2022,2022-04-20,110,331.46495239245314
Napa Valley,2022,2022-04-21,111,345.3112533840677
Napa Valley,2022,2022-04-22,112,360.39017432868445
Napa Valley,2022,2022-04-23,113,379.11864172290655
Napa Valley,2022,2022-04-24,114,394.6716892747351
Napa Valley,2022,2022-04-25,115,409.80227574648677
Napa Valley,2022,2022-04-26,116,420.8260353157609
Napa Valley,2022,2022-04-27,117,438.0003125341168
Napa Valley,2022,2022-04-28,118,454.88031074214035
Napa Valley,2022,2022-04-29,119,476.19268703368925
Napa Valley,2022,2022-04-30,120,490.28885242669554
Napa Valley,2022,2022-05-01,121,505.92381867769996
Napa Valley,2022,2022-05-02,122,521.6470760511176
Napa Valley,2022,2022-05-03,123,541.248723739415
Napa Valley,2022,2022-05-04,124,555.9654069563072
Napa Valley,2022,2022-05-05,125,571.7752163597836
Napa Valley,2022,2022-05-06,126,588.545446479414
Napa Valley,2022,2022-05-07,127,604.085381948318
Napa Valley,2022,2022-05-08,128,617.7766290426632
Napa Valley,2022,2022-05-09,129,633.3384110569893
Napa Valley,2022,2022-05-10,130,651.4687378538108
Napa Valley,2022,2022-05-11,131,663.4659598796738
Napa Valley,2022,2022-05-12,132,678.8492509075393
Napa Valley,2022,2022-05-13,133,691.7996497933866
Napa Valley,2022,2022-05-14,134,710.2845470829352
Napa Valley,2022,2022-05-15,135,720.8313282962997
Napa Valley,2022,2022-05-16,136,734.1940735759661
Napa Valley,2022,2022-05-17,137,750.2906303764532
Napa Valley,2022,2022-05-18,138,769.8574408168735
Napa Valley,2022,2022-05-19,139,784.6604057274775
Napa Valley,2022,2022-05-20,140,798.0340213802951
Napa Valley,2022,2022-05-21,141,818.522581802667
Napa Valley,2022,2022-05-22,142,829.2888923636997
Napa Valley,2022,2022-05-23,143,837.8626486731146
Napa Valley,2022,2022-05-24,144,854.142609189273
Napa Valley,2022,2022-05-25,145,867.6714262159431
Napa Valley,2022,2022-05-26,146,879.6840747888604
Napa Valley,2022,2022-05-27,147,896.7476802331821
Napa Valley,2022,2022-05-28,148,912.4546335389467
Napa Valley,2022,2022-05-29,149,925.8023193525229
Napa Valley,2022,2022-05-30,150,937.0583955924144
Napa Valley,2022,2022-05-31,151,954.6012283824647
Napa Valley,2022,2022-06-01,152,971.4950017381364
Napa Valley,2022,2022-06-02,153,986.2003531394854
Napa Valley,2022,2022-06-03,154,1006.5881038462263
Napa Valley,2022,2022-06-04,155,1018.4580890171759
Napa Valley,2022,2022-06-05,156,1028.998041741445
Napa Valley,2022,2022-06-06,157,1041.972424484001
Napa Valley,2022,2022-06-07,158,1056.8342754738073
Napa Valley,2022,2022-06-08,159,1072.5398817390442
Napa Valley,2022,2022-06-09,160,1086.8303716884968
Napa Valley,2022,2022-06-10,161,1102.8534634815358
Napa Valley,2022,2022-06-11,162,1114.1935426974492
Napa Valley,2022,2022-06-12,163,1133.4047764597392
Napa Valley,2022,2022-06-13,164,1148.1598454173927
Napa Valley,2022,2022-06-14,165,1166.4176853748097
Napa Valley,2022,2022-06-15,166,1182.4135304209956
Napa Valley,2022,2022-06-16,167,1198.7423735259545
Napa Valley,2022,2022-06-17,168,1215.4012540334973
Napa Valley,2022,2022-06-18,169,1231.7036838251022
Napa Valley,2022,2022-06-19,170,1248.5756177949606
Napa Valley,2022,2022-06-20,171,1267.452147443203
Napa Valley,2022,2022-06-21,172,1283.0210292756376
Napa Valley,2022,2022-06-22,173,1300.0865250741724
Napa Valley,2022,2022-06-23,174,1314.8194448063061
Napa Valley,2022,2022-06-24,175,1334.0200270208497
Napa Valley,2022,2022-06-25,176,1347.0397207951678
Napa Valley,2022,2022-06-26,177,1367.294022841974
Napa Valley,2022,2022-06-27,178,1382.1717255292706
Napa Valley,2022,2022-06-28,179,1392.9883789251658
Napa Valley,2022,2022-06-29,180,1408.3574618314412
Napa Valley,2022,2022-06-30,181,1421.363548789542
Napa Valley,2022,2022-07-01,182,1438.8134751130558
Napa Valley,2022,2022-07-02,183,1451.902580033488
Napa Valley,2022,2022-07-03,184,1465.5945577377895
Napa Valley,2022,2022-07-04,185,1475.0714679628954
Napa Valley,2022,2022-07-05,186,1488.7455648709156
Napa Valley,2022,2022-07-06,187,1496.662034558474
Napa Valley,2022,2022-07-07,188,1507.0315057635735
Napa Valley,2022,2022-07-08,189,1524.2471379191416
Napa Valley,2022,2022-07-09,190,1541.536903905762
Napa Valley,2022,2022-07-10,191,1557.7743536268217
Napa Valley,2022,2022-07-11,192,1569.9454491362476
Napa Valley,2022,2022-07-12,193,1584.8010934503884
Napa Valley,2022,2022-07-13,194,1599.7855496952907
Napa Valley,2022,2022-07-14,195,1611.3977291014965
Napa Valley,2022,2022-07-15,196,1630.7831124386762
Napa Valley,2022,2022-07-16,197,1648.340269296018
Napa Valley,2022,2022-07-17,198,1662.6899596660714
Napa Valley,2022,2022-07-18,199,1677.7634517797512
Napa Valley,2022,2022-07-19,200,1693.366973410453
Napa Valley,2022,2022-07-20,201,1702.3994278099506
Napa Valley,2022,2022-07-21,202,1716.6725671807105
Napa Valley,2022,2022-07-22,203,1729.675930674572
Napa Valley,2022,2022-07-23,204,1741.7458549519079
Napa Valley,2022,2022-07-24,205,1755.9199285151194
Napa Valley,2022,2022-07-25,206,1776.1647281098017
Napa Valley,2022,2022-07-26,207,1793.0311721711892
Napa Valley,2022,2022-07-27,208,1806.3581226529436
Napa Valley,2022,2022-07-28,209,1823.0252253292065
Napa Valley,2022,2022-07-29,210,1842.1067700408728
Napa Valley,2022,2022-07-30,211,1859.801974565864
Napa Valley,2022,2022-07-31,212,1874.9710912401727
Napa Valley,2022,2022-08-01,213,1888.0768046182168
Napa Valley,2022,2022-08-02,214,1905.1108180534577
Napa Valley,2022,2022-08-03,215,1921.2548987375924
Napa Valley,2022,2022-08-04,216,1938.8641276431897
Napa Valley,2022,2022-08-05,217,1955.7140103868308
Napa Valley,2022,2022-08-06,218,1973.7740186592082
Napa Valley,2022,2022-08-07,219,1987.205936532545
Napa Valley,2022,2022-08-08,220,2006.0481276830437
Napa Valley,2022,2022-08-09,221,2021.620158892466
Napa Valley,2022,2022-08-10,222,2042.6755648420528
Napa Valley,2022,2022-08-11,223,2055.6578915946475
Napa Valley,2022,2022-08-12,224,2075.7224409867376
Napa Valley,2022,2022-08-13,225,2091.295380938241
Napa Valley,2022,2022-08-14,226,2104.388007695512
Napa Valley,2022,2022-08-15,227,2117.969882264633
Napa Valley,2022,2022-08-16,228,2132.0293419216814
Napa Valley,2022,2022-08-17,229,2148.2630197104513
Napa Valley,2022,2022-08-18,230,2164.7848442919667
Napa Valley,2022,2022-08-19,231,2178.104432601652
Napa Valley,2022,2022-08-20,232,2193.028286177636
Napa Valley,2022,2022-08-21,233,2214.2793813759095
Napa Valley,2022,2022-08-22,234,2234.3193398114568
Napa Valley,2022,2022-08-23,235,2250.588522061988
Napa Valley,2022,2022-08-24,236,2265.6944812573806
Napa Valley,2022,2022-08-25,237,2281.0399881499065
Napa Valley,2022,2022-08-26,238,2297.826634749346
Napa Valley,2022,2022-08-27,239,2309.8347283563053
Napa Valley,2022,2022-08-28,240,2324.0780829147993
Napa Valley,2022,2022-08-29,241,2334.200257636079
Napa Valley,2022,2022-08-30,242,2350.3610943579906
Napa Valley,2022,2022-08-31,243,2367.2460914514995
Napa Valley,2022,2022-09-01,244,2380.830008411056
Napa Valley,2022,2022-09-02,245,2400.421532756453
Napa Valley,2022,2022-09-03,246,2411.8368796436293
Napa Valley,2022,2022-09-04,247,2422.555410882131
Napa Valley,2022,2022-09-05,248,2438.2058591914606
Napa Valley,2022,2022-09-06,249,2456.2586997894177
Napa Valley,2022,2022-09-07,250,2476.171287001009
Napa Valley,2022,2022-09-08,251,2489.826174198256
Napa Valley,2022,2022-09-09,252,2507.971245942843
Napa Valley,2022,2022-09-10,253,2522.853765645536
Napa Valley,2022,2022-09-11,254,2537.3446152320184
Napa Valley,2022,2022-09-12,255,2554.920163243603
Napa Valley,2022,2022-09-13,256,2571.820132646921
Napa Valley,2022,2022-09-14,257,2582.211537413563
Napa Valley,2022,2022-09-15,258,2601.518486893523
Napa Valley,2022,2022-09-16,259,2620.543774289325
Napa Valley,2022,2022-09-17,260,2633.711906843559
Napa Valley,2022,2022-09-18,261,2649.8627572653936
Napa Valley,2022,2022-09-19,262,2666.300461102283
Napa Valley,2022,2022-09-20,263,2682.0566891462527
Napa Valley,2022,2022-09-21,264,2695.444597941769
Napa Valley,2022,2022-09-22,265,2708.4782185373647
Napa Valley,2022,2022-09-23,266,2723.398569249715
Napa Valley,2022,2022-09-24,267,2741.818291941912
Napa Valley,2022,2022-09-25,268,2758.4007560274963
Napa Valley,2022,2022-09-26,269,2772.3134198093894
Napa Valley,2022,2022-09-27,270,2789.5620050329526
Napa Valley,2022,2022-09-28,271,2796.238321334398
Napa Valley,2022,2022-09-29,272,2814.588063429071
Napa Valley,2022,2022-09-30,273,2824.5025165374127
Napa Valley,2022,2022-10-01,274,2838.439049248584
Napa Valley,2022,2022-10-02,275,2850.1642298987977
Napa Valley,2022,2022-10-03,276,2861.3783204501733
Napa Valley,2022,2022-10-04,277,2879.7632847976347
Napa Valley,2022,2022-10-05,278,2893.3924236991857
Napa Valley,2022,2022-10-06,279,2909.399303283743
Napa Valley,2022,2022-10-07,280,2924.2572569217973
Napa Valley,2022,2022-10-08,281,2940.6453463666185
Napa Valley,2022,2022-10-09,282,2955.864667811284
Napa Valley,2022,2022-10-10,283,2967.1128947362854
Napa Valley,2022,2022-10-11,284,2985.0172910564847
Napa Valley,2022,2022-10-12,285,2998.5703398638752
Napa Valley,2022,2022-10-13,286,3009.019596955613
Napa Valley,2022,2022-10-14,287,3022.7643398254636
Napa Valley,2022,2022-10-15,288,3042.142017861616
Napa Valley,2022,2022-10-16,289,3059.6199155893087
Napa Valley,2022,2022-10-17,290,3073.596716051254
Napa Valley,2022,2022-10-18,291,3087.571748054315
Napa Valley,2022,2022-10-19,292,3101.6274470876106
Napa Valley,2022,2022-10-20,293,3122.68719587937
Napa Valley,2022,2022-10-21,294,3138.797547044242
Napa Valley,2022,2022-10-22,295,3155.0483837688853
Napa Valley,2022,2022-10-23,296,3173.0521196014943
Napa Valley,2022,2022-10-24,297,3188.7444375557366
Napa Valley,2022,2022-10-25,298,3202.9829280020667
Napa Valley,2022,2022-10-26,299,3217.4045001161044
Napa Valley,2022,2022-10-27,300,3232.190378229928
Napa Valley,2022,2022-10-28,301,3247.0766541465946
Napa Valley,2022,2022-10-29,302,3264.1965432302645
Napa Valley,2022,2022-10-30,303,3279.3432187397075
Napa Valley,2022,2022-10-31,304,3296.4777401927663
Willamette Valley,2018,2018-04-01,91,13.347458327625407
Willamette Valley,2018,2018-04-02,92,15.290945363948351
Willamette Valley,2018,2018-04-03,93,31.831428557412664
Willamette Valley,2018,2018-04-04,94,41.84753857478219
Willamette Valley,2018,2018-04-05,95,55.517626777071925
Willamette Valley,2018,2018-04-06,96,62.89724956519454
Willamette Valley,2018,2018-04-07,97,75.11658177164162
Willamette Valley,2018,2018-04-08,98,82.45664292686546
Willamette Valley,2018,2018-04-09,99,91.05488166014453
Willamette Valley,2018,2018-04-10,100,107.084817595146
Willamette Valley,2018,2018-04-11,101,116.95130748163228
Willamette Valley,2018,2018-04-12,102,128.0129225802713
Willamette Valley,2018,2018-04-13,103,140.98571430556004
Willamette Valley,2018,2018-04-14,104,152.86215412179104
Willamette Valley,2018,2018-04-15,105,163.72752544353685
Willamette Valley,2018,2018-04-16,106,175.22116207645595
Willamette Valley,2018,2018-04-17,107,192.68421132694593
Willamette Valley,2018,2018-04-18,108,202.9403648153378
Willamette Valley,2018,2018-04-19,109,213.9541479187899
Willamette Valley,2018,2018-04-20,110,227.45576983123615
Willamette Valley,2018,2018-04-21,111,241.1180776121758
Willamette Valley,2018,2018-04-22,112,255.01906288650278
Willamette Valley,2018,2018-04-23,113,267.31440559978955
Willamette Valley,2018,2018-04-24,114,274.3921132063181
Willamette Valley,2018,2018-04-25,115,289.60034031861693
Willamette Valley,2018,2018-04-26,116,296.66826565903574
Willamette Valley,2018,2018-04-27,117,307.97938812094253
Willamette Valley,2018,2018-04-28,118,316.1954503375643
Willamette Valley,2018,2018-04-29,119,326.4325119699346
Willamette Valley,2018,2018-04-30,120,337.82014460618836
Willamette Valley,2018,2018-05-01,121,349.18609186177883
Willamette Valley,2018,2018-05-02,122,360.8465294937379
Willamette Valley,2018,2018-05-03,123,375.9970077657063
Willamette Valley,2018,2018-05-04,124,387.7500225439047
Willamette Valley,2018,2018-05-05,125,397.4599184238333
Willamette Valley,2018,2018-05-06,126,410.7080367724608
Willamette Valley,2018,2018-05-07,127,424.61616788240605
Willamette Valley,2018,2018-05-08,128,431.44612425749835
Willamette Valley,2018,2018-05-09,129,443.62043570818525
Willamette Valley,2018,2018-05-10,130,456.09863516578844
Willamette Valley,2018,2018-05-11,131,465.65213431516804
Willamette Valley,2018,2018-05-12,132,480.10564008003143
Willamette Valley,2018,2018-05-13,133,490.0911015720399
Willamette Valley,2018,2018-05-14,134,500.88372423128635
Willamette Valley,2018,2018-05-15,135,510.8017849490915
Willamette Valley,2018,2018-05-16,136,521.272291085277
Willamette Valley,2018,2018-05-17,137,528.486842364613
Willamette Valley,2018,2018-05-18,138,534.694680229873
Willamette Valley,2018,2018-05-19,139,549.7889150277861
Willamette Valley,2018,2018-05-20,140,557.7335569303681
Willamette Valley,2018,2018-05-21,141,565.2552469321091
Willamette Valley,2018,2018-05-22,142,569.374141417328
Willamette Valley,2018,2018-05-23,143,577.9278895766485
Willamette Valley,2018,2018-05-24,144,584.4782364227104
Willamette Valley,2018,2018-05-25,145,599.7115998400992
Willamette Valley,2018,2018-05-26,146,613.0936337392859
Willamette Valley,2018,2018-05-27,147,621.5033379562157
Willamette Valley,2018,2018-05-28,148,638.524257855032
Willamette Valley,2018,2018-05-29,149,651.8241454113801
Willamette Valley,2018,2018-05-30,150,661.2977932708711
Willamette Valley,2018,2018-05-31,151,664.403415292944
Willamette Valley,2018,2018-06-01,152,681.5370984508515
Willamette Valley,2018,2018-06-02,153,687.8927573639393
Willamette Valley,2018,2018-06-03,154,693.4992543198274
Willamette Valley,2018,2018-06-04,155,706.9186351215529
Willamette Valley,2018,2018-06-05,156,724.4880931584814
Willamette Valley,2018,2018-06-06,157,738.9666836222872
Willamette Valley,2018,2018-06-07,158,751.0429201391564
Willamette Valley,2018,2018-06-08,159,763.2094838365497
Willamette Valley,2018,2018-06-09,160,776.133511323508
Willamette Valley,2018,2018-06-10,161,788.7808430676848
Willamette Valley,2018,2018-06-11,162,800.0291687758113
Willamette Valley,2018,2018-06-12,163,810.7591958382727
Willamette Valley,2018,2018-06-13,164,821.0007824907458
Willamette Valley,2018,2018-06-14,165,829.2177562048656
Willamette Valley,2018,2018-06-15,166,838.8207114407588
Willamette Valley,2018,2018-06-16,167,844.2879393008133
Willamette Valley,2018,2018-06-17,168,854.4248458670374
Willamette Valley,2018,2018-06-18,169,861.9547390297927
Willamette Valley,2018,2018-06-19,170,869.1478713091018
Willamette Valley,2018,2018-06-20,171,880.0995579733254
Willamette Valley,2018,2018-06-21,172,894.6007834191445
Willamette Valley,2018,2018-06-22,173,907.7148672033854
Willamette Valley,2018,2018-06-23,174,913.5406959636844
Willamette Valley,2018,2018-06-24,175,921.0675522883597
Willamette Valley,2018,2018-06-25,176,934.2473920949137
Willamette Valley,2018,2018-06-26,177,941.7951593792517
Willamette Valley,2018,2018-06-27,178,951.5622278547513
Willamette Valley,2018,2018-06-28,179,963.5978854561694
Willamette Valley,2018,2018-06-29,180,971.1870689375065
Willamette Valley,2018,2018-06-30,181,981.9205351206306
Willamette Valley,2018,2018-07-01,182,988.4388578464931
Willamette Valley,2018,2018-07-02,183,997.1026966200947
Willamette Valley,2018,2018-07-03,184,1008.46403082019
Willamette Valley,2018,2018-07-04,185,1014.2239906743974
Willamette Valley,2018,2018-07-05,186,1025.9387618124797
Willamette Valley,2018,2018-07-06,187,1036.3061388970427
Willamette Valley,2018,2018-07-07,188,1048.3489355168444
Willamette Valley,2018,2018-07-08,189,1059.4295303469091
Willamette Valley,2018,2018-07-09,190,1073.8491651022246
Willamette Valley,2018,2018-07-10,191,1084.6407571082962
Willamette Valley,2018,2018-07-11,192,1093.8081698908695
Willamette Valley,2018,2018-07-12,193,1104.591190468083
Willamette Valley,2018,2018-07-13,194,1116.6070694436007
Willamette Valley,2018,2018-07-14,195,1127.1750357629926
Willamette Valley,2018,2018-07-15,196,1137.71878895197
Willamette Valley,2018,2018-07-16,197,1146.0879601660886
Willamette Valley,2018,2018-07-17,198,1154.5716048343463
Willamette Valley,2018,2018-07-18,199,1160.8890984669897
Willamette Valley,2018,2018-07-19,200,1176.4374453411865
Willamette Valley,2018,2018-07-20,201,1183.219799325924
Willamette Valley,2018,2018-07-21,202,1191.6155794272745
Willamette Valley,2018,2018-07-22,203,1199.9366792456171
Willamette Valley,2018,2018-07-23,204,1212.9822612008395
Willamette Valley,2018,2018-07-24,205,1222.5434146783914
Willamette Valley,2018,2018-07-25,206,1236.6221883575738
Willamette Valley,2018,2018-07-26,207,1245.0748221172328
Willamette Valley,2018,2018-07-27,208,1256.3167133616732
Willamette Valley,2018,2018-07-28,209,1264.2953665785385
Willamette Valley,2018,2018-07-29,210,1281.0021080540523
Willamette Valley,2018,2018-07-30,211,1287.949227988227
Willamette Valley,2018,2018-07-31,212,1299.2813917293727
Willamette Valley,2018,2018-08-01,213,1311.5622290732026
Willamette Valley,2018,2018-08-02,214,1323.1988832366014
Willamette Valley,2018,2018-08-03,215,1333.081171091094
Willamette Valley,2018,2018-08-04,216,1343.12588844908
Willamette Valley,2018,2018-08-05,217,1353.679070447582
Willamette Valley,2018,2018-08-06,218,1363.6734740624092
Willamette Valley,2018,2018-08-07,219,1376.920983152817
Willamette Valley,2018,2018-08-08,220,1393.8191655515313
Willamette Valley,2018,2018-08-09,221,1402.6114904381898
Willamette Valley,2018,2018-08-10,222,1409.0250423390535
Willamette Valley,2018,2018-08-11,223,1419.191401528932
Willamette Valley,2018,2018-08-12,224,1437.1707095957652
Willamette Valley,2018,2018-08-13,225,1445.2421125530063
Willamette Valley,2018,2018-08-14,226,1460.4669884253615
Willamette Valley,2018,2018-08-15,227,1475.8048537505663
Willamette Valley,2018,2018-08-16,228,1484.6086097776702
Willamette Valley,2018,2018-08-17,229,1496.6997048819835
Willamette Valley,2018,2018-08-18,230,1511.8931877607847
Willamette Valley,2018,2018-08-19,231,1521.2078341079723
Willamette Valley,2018,2018-08-20,232,1531.0365535963
Willamette Valley,2018,2018-08-21,233,1539.7580430114558
Willamette Valley,2018,2018-08-22,234,1547.2113127337684
Willamette Valley,2018,2018-08-23,235,1555.7348521008303
Willamette Valley,2018,2018-08-24,236,1562.5755485285727
Willamette Valley,2018,2018-08-25,237,1573.1002430303995
Willamette Valley,2018,2018-08-26,238,1581.2703370193105
Willamette Valley,2018,2018-08-27,239,1592.3798403740066
Willamette Valley,2018,2018-08-28,240,1598.2484383074998
Willamette Valley,2018,2018-08-29,241,1609.6422727757413
Willamette Valley,2018,2018-08-30,242,1622.5080643299107
Willamette Valley,2018,2018-08-31,243,1627.0944911417687
Willamette Valley,2018,2018-09-01,244,1638.6147632441014
Willamette Valley,2018,2018-09-02,245,1652.63475489339
Willamette Valley,2018,2018-09-03,246,1659.517325254738
Willamette Valley,2018,2018-09-04,247,1674.8401724880382
Willamette Valley,2018,2018-09-05,248,1686.4921126471656
Willamette Valley,2018,2018-09-06,249,1694.8524395981694
Willamette Valley,2018,2018-09-07,250,1705.1140098067938
Willamette Valley,2018,2018-09-08,251,1717.1738993810582
Willamette Valley,2018,2018-09-09,252,1727.8213580882484
Willamette Valley,2018,2018-09-10,253,1739.8239361588753
Willamette Valley,2018,2018-09-11,254,1747.5527190437167
Willamette Valley,2018,2018-09-12,255,1758.4735599013518
Willamette Valley,2018,2018-09-13,256,1764.7585212671124
Willamette Valley,2018,2018-09-14,257,1774.8576911843713
Willamette Valley,2018,2018-09-15,258,1782.6355715001584
Willamette Valley,2018,2018-09-16,259,1790.9065292524883
Willamette Valley,2018,2018-09-17,260,1804.951190287668
Willamette Valley,2018,2018-09-18,261,1818.571868468218
Willamette Valley,2018,2018-09-19,262,1830.7805536403896
Willamette Valley,2018,2018-09-20,263,1838.0067081884326
Willamette Valley,2018,2018-09-21,264,1847.5050217764663
Willamette Valley,2018,2018-09-22,265,1861.4823428369648
Willamette Valley,2018,2018-09-23,266,1872.3222312373255
Willamette Valley,2018,2018-09-24,267,1889.5390428214193
Willamette Valley,2018,2018-09-25,268,1901.1157196464446
Willamette Valley,2018,2018-09-26,269,1912.1030009243818
Willamette Valley,2018,2018-09-27,270,1921.6226683706632
Willamette Valley,2018,2018-09-28,271,1932.4386141377915
Willamette Valley,2018,2018-09-29,272,1942.417005739383
Willamette Valley,2018,2018-09-30,273,1954.9155163947626
Willamette Valley,2018,2018-10-01,274,1968.1420089362425
Willamette Valley,2018,2018-10-02,275,1976.2652009814121
Willamette Valley,2018,2018-10-03,276,1982.791701388432
Willamette Valley,2018,2018-10-04,277,1987.8394400127584
Willamette Valley,2018,2018-10-05,278,1999.751926803371
Willamette Valley,2018,2018-10-06,279,2006.9457112699374
Willamette Valley,2018,2018-10-07,280,2011.0660685519747
Willamette Valley,2018,2018-10-08,281,2022.6288669964708
Willamette Valley,2018,2018-10-09,282,2040.3542539314465
Willamette Valley,2018,2018-10-10,283,2050.7613603037908
Willamette Valley,2018,2018-10-11,284,2063.641682036086
Willamette Valley,2018,2018-10-12,285,2074.30619565497
Willamette Valley,2018,2018-10-13,286,2084.4414915232965
Willamette Valley,2018,2018-10-14,287,2097.557800532128
Willamette Valley,2018,2018-10-15,288,2107.1326446774738
Willamette Valley,2018,2018-10-16,289,2118.3405610571663
Willamette Valley,2018,2018-10-17,290,2129.707505699067
Willamette Valley,2018,2018-10-18,291,2138.1759533241875
Willamette Valley,2018,2018-10-19,292,2151.505935655991
Willamette Valley,2018,2018-10-20,293,2161.4184677504686
Willamette Valley,2018,2018-10-21,294,2169.63022723963
Willamette Valley,2018,2018-10-22,295,2181.6262276854454
Willamette Valley,2018,2018-10-23,296,2189.4200375065384
Willamette Valley,2018,2018-10-24,297,2199.927447674734
Willamette Valley,2018,2018-10-25,298,2210.325628031343
Willamette Valley,2018,2018-10-26,299,2223.9304502238365
Willamette Valley,2018,2018-10-27,300,2235.7454414816684
Willamette Valley,2018,2018-10-28,301,2246.097036944757
Willamette Valley,2018,2018-10-29,302,2258.9166691011824
Willamette Valley,2018,2018-10-30,303,2273.4126388362597
Willamette Valley,2018,2018-10-31,304,2285.471015580454
Willamette Valley,2019,2019-04-01,91,9.866534212569155
Willamette Valley,2019,2019-04-02,92,20.44035317153663
Willamette Valley,2019,2019-04-03,93,32.38751705852158
Willamette Valley,2019,2019-04-04,94,42.59219602543301
Willamette Valley,2019,2019-04-05,95,54.41396684251285
Willamette Valley,2019,2019-04-06,96,65.0105019761418
Willamette Valley,2019,2019-04-07,97,69.68465032898627
Willamette Valley,2019,2019-04-08,98,77.36691000271772
Willamette Valley,2019,2019-04-09,99,87.3579449436172
Willamette Valley,2019,2019-04-10,100,94.25529336280938
Willamette Valley,2019,2019-04-11,101,106.40636737146137
Willamette Valley,2019,2019-04-12,102,121.2598178533088
Willamette Valley,2019,2019-04-13,103,135.20749731933194
Willamette Valley,2019,2019-04-14,104,144.99717888493223
Willamette Valley,2019,2019-04-15,105,159.7344290797685
Willamette Valley,2019,2019-04-16,106,170.57539469736753
Willamette Valley,2019,2019-04-17,107,180.00611378863692
Willamette Valley,2019,2019-04-18,108,188.63462617803316
Willamette Valley,2019,2019-04-19,109,198.1658437780266
Willamette Valley,2019,2019-04-20,110,207.44823516658693
Willamette Valley,2019,2019-04-21,111,218.35234212040623
Willamette Valley,2019,2019-04-22,112,229.22787493386642
Willamette Valley,2019,2019-04-23,113,239.64607024500103
Willamette Valley,2019,2019-04-24,114,251.3239476522172
Willamette Valley,2019,2019-04-25,115,265.1900015601633
Willamette Valley,2019,2019-04-26,116,278.35611320890087
Willamette Valley,2019,2019-04-27,117,284.4544875595174
Willamette Valley,2019,2019-04-28,118,287.44925806678384
Willamette Valley,2019,2019-04-29,119,300.5711414908508
Willamette Valley,2019,2019-04-30,120,307.0121511290486
Willamette Valley,2019,2019-05-01,121,316.7689609555563
Willamette Valley,2019,2019-05-02,122,323.78122359942137
Willamette Valley,2019,2019-05-03,123,328.95903944323095
Willamette Valley,2019,2019-05-04,124,340.9403740921014
Willamette Valley,2019,2019-05-05,125,353.5537166245517
Willamette Valley,2019,2019-05-06,126,362.2893351761466
Willamette Valley,2019,2019-05-07,127,365.1763349915288
Willamette Valley,2019,2019-05-08,128,373.999822103291
Willamette Valley,2019,2019-05-09,129,385.5466653380779
Willamette Valley,2019,2019-05-10,130,391.66241949263565
Willamette Valley,2019,2019-05-11,131,402.6041047798998
Willamette Valley,2019,2019-05-12,132,412.9690090601407
Willamette Valley,2019,2019-05-13,133,425.06016875675493
Willamette Valley,2019,2019-05-14,134,435.8166883086492
Willamette Valley,2019,2019-05-15,135,443.401012250397
Willamette Valley,2019,2019-05-16,136,457.2842683645149
Willamette Valley,2019,2019-05-17,137,467.23337502750496
Willamette Valley,2019,2019-05-18,138,477.5634561456314
Willamette Valley,2019,2019-05-19,139,485.2633308855153
Willamette Valley,2019,2019-05-20,140,494.38573936825094
Willamette Valley,2019,2019-05-21,141,502.2263191232505
Willamette Valley,2019,2019-05-22,142,512.1335716285912
Willamette Valley,2019,2019-05-23,143,527.5123810257701
Willamette Valley,2019,2019-05-24,144,533.9388094288818
Willamette Valley,2019,2019-05-25,145,539.6636462111844
Willamette Valley,2019,2019-05-26,146,554.3441216915123
Willamette Valley,2019,2019-05-27,147,564.145762161319
Willamette Valley,2019,2019-05-28,148,572.6126523665373
Willamette Valley,2019,2019-05-29,149,586.0410710719369
Willamette Valley,2019,2019-05-30,150,594.6921911541554
Willamette Valley,2019,2019-05-31,151,610.4028415800666
Willamette Valley,2019,2019-06-01,152,622.7803580412672
Willamette Valley,2019,2019-06-02,153,631.7731984964846
Willamette Valley,2019,2019-06-03,154,648.4456796191386
Willamette Valley,2019,2019-06-04,155,657.0965111703902
Willamette Valley,2019,2019-06-05,156,669.6603254735415
Willamette Valley,2019,2019-06-06,157,680.9385881731428
Willamette Valley,2019,2019-06-07,158,695.1271747680769
Willamette Valley,2019,2019-06-08,159,710.0699291940467
Willamette Valley,2019,2019-06-09,160,720.5721961726709
Willamette Valley,2019,2019-06-10,161,728.794214346034
Willamette Valley,2019,2019-06-11,162,740.5389643243712
Willamette Valley,2019,2019-06-12,163,748.980763115375
Willamette Valley,2019,2019-06-13,164,765.2354107649825
Willamette Valley,2019,2019-06-14,165,776.0411542148739
Willamette Valley,2019,2019-06-15,166,785.3898993527628
Willamette Valley,2019,2019-06-16,167,796.3354180044095
Willamette Valley,2019,2019-06-17,168,802.8337731277727
Willamette Valley,2019,2019-06-18,169,810.4223209635686
Willamette Valley,2019,2019-06-19,170,824.3167324083402
Willamette Valley,2019,2019-06-20,171,832.8189792975681
Willamette Valley,2019,2019-06-21,172,840.188923933119
Willamette Valley,2019,2019-06-22,173,852.1562941895726
Willamette Valley,2019,2019-06-23,174,866.0080000613951
Willamette Valley,2019,2019-06-24,175,878.5046279903079
Willamette Valley,2019,2019-06-25,176,891.8057204010444
Willamette Valley,2019,2019-06-26,177,900.0179337845894
Willamette Valley,2019,2019-06-27,178,906.2994641211493
Willamette Valley,2019,2019-06-28,179,921.0675102104835
Willamette Valley,2019,2019-06-29,180,930.5400533977149
Willamette Valley,2019,2019-06-30,181,940.2211833406787
Willamette Valley,2019,2019-07-01,182,954.4865682474817
Willamette Valley,2019,2019-07-02,183,966.5107754851919
Willamette Valley,2019,2019-07-03,184,978.2436676577408
Willamette Valley,2019,2019-07-04,185,994.9384864969802
Willamette Valley,2019,2019-07-05,186,1003.4795669280055
Willamette Valley,2019,2019-07-06,187,1016.5826381499196
Willamette Valley,2019,2019-07-07,188,1027.1575115564904
Willamette Valley,2019,2019-07-08,189,1038.346644687293
Willamette Valley,2019,2019-07-09,190,1053.1934688545364
Willamette Valley,2019,2019-07-10,191,1065.0771771819657
Willamette Valley,2019,2019-07-11,192,1077.0493183682463
Willamette Valley,2019,2019-07-12,193,1090.5723895683261
Willamette Valley,2019,2019-07-13,194,1099.9222054750219
Willamette Valley,2019,2019-07-14,195,1107.8951516364486
Willamette Valley,2019,2019-07-15,196,1115.2711982158773
Willamette Valley,2019,2019-07-16,197,1119.971794788413
Willamette Valley,2019,2019-07-17,198,1136.350757752975
Willamette Valley,2019,2019-07-18,199,1143.5572589947285
Willamette Valley,2019,2019-07-19,200,1153.324264267876
Willamette Valley,2019,2019-07-20,201,1162.929967868318
Willamette Valley,2019,2019-07-21,202,1174.2317875933854
Willamette Valley,2019,2019-07-22,203,1187.009399975449
Willamette Valley,2019,2019-07-23,204,1199.9168913741053
Willamette Valley,2019,2019-07-24,205,1208.6334444044596
Willamette Valley,2019,2019-07-25,206,1218.5576062375148
Willamette Valley,2019,2019-07-26,207,1229.7873485831383
Willamette Valley,2019,2019-07-27,208,1239.474696893568
Willamette Valley,2019,2019-07-28,209,1254.5505183663483
Willamette Valley,2019,2019-07-29,210,1266.3852761567264
Willamette Valley,2019,2019-07-30,211,1278.9281362577365
Willamette Valley,2019,2019-07-31,212,1291.2619750062931
Willamette Valley,2019,2019-08-01,213,1305.078173698742
Willamette Valley,2019,2019-08-02,214,1316.0130702216006
Willamette Valley,2019,2019-08-03,215,1322.657440620129
Willamette Valley,2019,2019-08-04,216,1334.2271726443835
Willamette Valley,2019,2019-08-05,217,1342.7454957520367
Willamette Valley,2019,2019-08-06,218,1351.620160055823
Willamette Valley,2019,2019-08-07,219,1363.7318527944865
Willamette Valley,2019,2019-08-08,220,1377.7362065539223
Willamette Valley,2019,2019-08-09,221,1388.2073145700685
Willamette Valley,2019,2019-08-10,222,1399.5132751932967
Willamette Valley,2019,2019-08-11,223,1414.8645228179982
Willamette Valley,2019,2019-08-12,224,1425.97283306439
Willamette Valley,2019,2019-08-13,225,1443.9354299615645
Willamette Valley,2019,2019-08-14,226,1455.9865779762147
Willamette Valley,2019,2019-08-15,227,1461.2840575926962
Willamette Valley,2019,2019-08-16,228,1473.8805221722967
Willamette Valley,2019,2019-08-17,229,1485.3964588843842
Willamette Valley,2019,2019-08-18,230,1499.5502401865513
Willamette Valley,2019,2019-08-19,231,1511.9139822870231
Willamette Valley,2019,2019-08-20,232,1521.9213668901546
Willamette Valley,2019,2019-08-21,233,1528.7763182315148
Willamette Valley,2019,2019-08-22,234,1538.5788308847123
Willamette Valley,2019,2019-08-23,235,1546.5189394026681
Willamette Valley,2019,2019-08-24,236,1555.2429072109182
Willamette Valley,2019,2019-08-25,237,1567.3610287867464
Willamette Valley,2019,2019-08-26,238,1582.6184722640803
Willamette Valley,2019,2019-08-27,239,1594.17364053811
Willamette Valley,2019,2019-08-28,240,1601.1110872329782
Willamette Valley,2019,2019-08-29,241,1612.8112163253468
Willamette Valley,2019,2019-08-30,242,1626.694646588748
Willamette Valley,2019,2019-08-31,243,1635.33366791657
Willamette Valley,2019,2019-09-01,244,1645.3539393596673
Willamette Valley,2019,2019-09-02,245,1655.805934403953
Willamette Valley,2019,2019-09-03,246,1663.936558091086
Willamette Valley,2019,2019-09-04,247,1676.2280074803691
Willamette Valley,2019,2019-09-05,248,1686.2862210897063
Willamette Valley,2019,2019-09-06,249,1697.9135659366314
Willamette Valley,2019,2019-09-07,250,1705.7463376006829
Willamette Valley,2019,2019-09-08,251,1714.8856542635824
Willamette Valley,2019,2019-09-09,252,1727.3922345496405
Willamette Valley,2019,2019-09-10,253,1736.7191718972203
Willamette Valley,2019,2019-09-11,254,1752.1422709130304
Willamette Valley,2019,2019-09-12,255,1761.3913932978803
Willamette Valley,2019,2019-09-13,256,1772.4530533720972
Willamette Valley,2019,2019-09-14,257,1785.5699169074146
Willamette Valley,2019,2019-09-15,258,1791.8614486266804
Willamette Valley,2019,2019-09-16,259,1797.1587945419203
Willamette Valley,2019,2019-09-17,260,1803.138838660193
Willamette Valley,2019,2019-09-18,261,1817.2137435345712
Willamette Valley,2019,2019-09-19,262,1826.0209328764463
Willamette Valley,2019,2019-09-20,263,1843.8572868805488
Willamette Valley,2019,2019-09-21,264,1852.6285069801988
Willamette Valley,2019,2019-09-22,265,1863.5736511093953
Willamette Valley,2019,2019-09-23,266,1878.4600795568203
Willamette Valley,2019,2019-09-24,267,1894.6935501145947
Willamette Valley,2019,2019-09-25,268,1911.0878898014184
Willamette Valley,2019,2019-09-26,269,1925.0053885467375
Willamette Valley,2019,2019-09-27,270,1938.38781405468
Willamette Valley,2019,2019-09-28,271,1950.517399104024
Willamette Valley,2019,2019-09-29,272,1963.1865005350287
Willamette Valley,2019,2019-09-30,273,1971.9956420843437
Willamette Valley,2019,2019-10-01,274,1980.0295870639084
Willamette Valley,2019,2019-10-02,275,1990.4291423497655
Willamette Valley,2019,2019-10-03,276,2000.3444119009403
Willamette Valley,2019,2019-10-04,277,2009.4379455956564
Willamette Valley,2019,2019-10-05,278,2021.8690599772674
Willamette Valley,2019,2019-10-06,279,2035.051868226441
Willamette Valley,2019,2019-10-07,280,2045.717884464692
Willamette Valley,2019,2019-10-08,281,2060.416823675476
Willamette Valley,2019,2019-10-09,282,2067.5116070401864
Willamette Valley,2019,2019-10-10,283,2077.3587240986367
Willamette Valley,2019,2019-10-11,284,2085.6869870124297
Willamette Valley,2019,2019-10-12,285,2090.6773824026195
Willamette Valley,2019,2019-10-13,286,2100.8466946749604
Willamette Valley,2019,2019-10-14,287,2110.902587571193
Willamette Valley,2019,2019-10-15,288,2125.705809275672
Willamette Valley,2019,2019-10-16,289,2137.946543134054
Willamette Valley,2019,2019-10-17,290,2145.382460881707
Willamette Valley,2019,2019-10-18,291,2161.174641860536
Willamette Valley,2019,2019-10-19,292,2175.12891697711
Willamette Valley,2019,2019-10-20,293,2187.228223686232
Willamette Valley,2019,2019-10-21,294,2196.9800437663534
Willamette Valley,2019,2019-10-22,295,2204.6039376664858
Willamette Valley,2019,2019-10-23,296,2213.932693518179
Willamette Valley,2019,2019-10-24,297,2227.502916649145
Willamette Valley,2019,2019-10-25,298,2243.38362750309
Willamette Valley,2019,2019-10-26,299,2258.2733469642394
Willamette Valley,2019,2019-10-27,300,2267.2634641644036
Willamette Valley,2019,2019-10-28,301,2274.422326358879
Willamette Valley,2019,2019-10-29,302,2285.240701451855
Willamette Valley,2019,2019-10-30,303,2290.5158942312532
Willamette Valley,2019,2019-10-31,304,2301.863471571809
Willamette Valley,2020,2020-04-01,92,6.983503652230256
Willamette Valley,2020,2020-04-02,93,8.953484387470738
Willamette Valley,2020,2020-04-03,94,19.301439422619872
Willamette Valley,2020,2020-04-04,95,34.94982921119048
Willamette Valley,2020,2020-04-05,96,50.27133888558991
Willamette Valley,2020,2020-04-06,97,59.354147623747345
Willamette Valley,2020,2020-04-07,98,68.00958045015892
Willamette Valley,2020,2020-04-08,99,79.81914081847896
Willamette Valley,2020,2020-04-09,100,87.30781609967276
Willamette Valley,2020,2020-04-10,101,98.62560207200357
Willamette Valley,2020,2020-04-11,102,111.31074889642517
Willamette Valley,2020,2020-04-12,103,125.3531389889084
Willamette Valley,2020,2020-04-13,104,135.4871667238574
Willamette Valley,2020,2020-04-14,105,145.31632197918086
Willamette Valley,2020,2020-04-15,106,153.15959184963398
Willamette Valley,2020,2020-04-16,107,161.1533612710067
Willamette Valley,2020,2020-04-17,108,170.9153538329263
Willamette Valley,2020,2020-04-18,109,182.42625853765952
Willamette Valley,2020,2020-04-19,110,195.54581569857194
Willamette Valley,2020,2020-04-20,111,203.60938736482007
Willamette Valley,2020,2020-04-21,112,218.43444502312235
Willamette Valley,2020,2020-04-22,113,228.06495588024225
Willamette Valley,2020,2020-04-23,114,238.43101604702113
Willamette Valley,2020,2020-04-24,115,246.6594151343828
Willamette Valley,2020,2020-04-25,116,249.94885099213678
Willamette Valley,2020,2020-04-26,117,262.98141311205126
Willamette Valley,2020,2020-04-27,118,275.5804568051402
Willamette Valley,2020,2020-04-28,119,285.18091631762513
Willamette Valley,2020,2020-04-29,120,295.80719683789914
Willamette Valley,2020,2020-04-30,121,307.7556612260037
Willamette Valley,2020,2020-05-01,122,313.5828457073553
Willamette Valley,2020,2020-05-02,123,322.45373789246895
Willamette Valley,2020,2020-05-03,124,335.22188969541355
Willamette Valley,2020,2020-05-04,125,341.95691033922236
Willamette Valley,2020,2020-05-05,126,353.2504467168063
Willamette Valley,2020,2020-05-06,127,359.6842093401155
Willamette Valley,2020,2020-05-07,128,371.4868656631224
Willamette Valley,2020,2020-05-08,129,381.81088737557417
Willamette Valley,2020,2020-05-09,130,387.4832026311347
Willamette Valley,2020,2020-05-10,131,401.3424275482209
Willamette Valley,2020,2020-05-11,132,409.607993695322
Willamette Valley,2020,2020-05-12,133,417.6507334632339
Willamette Valley,2020,2020-05-13,134,428.67041169207545
Willamette Valley,2020,2020-05-14,135,442.48221510922207
Willamette Valley,2020,2020-05-15,136,449.91953906604965
Willamette Valley,2020,2020-05-16,137,460.5301787206956
Willamette Valley,2020,2020-05-17,138,472.22206078073833
Willamette Valley,2020,2020-05-18,139,484.69229223554817
Willamette Valley,2020,2020-05-19,140,495.640912917865
Willamette Valley,2020,2020-05-20,141,504.98897927130866
Willamette Valley,2020,2020-05-21,142,512.9806580872388
Willamette Valley,2020,2020-05-22,143,523.6633459835036
Willamette Valley,2020,2020-05-23,144,530.9348119766757
Willamette Valley,2020,2020-05-24,145,532.7602244175439
Willamette Valley,2020,2020-05-25,146,544.4749110339956
Willamette Valley,2020,2020-05-26,147,557.566048921348
Willamette Valley,2020,2020-05-27,148,561.0360404926075
Willamette Valley,2020,2020-05-28,149,568.491303195225
Willamette Valley,2020,2020-05-29,150,580.7437429057206
Willamette Valley,2020,2020-05-30,151,597.2321953004276
Willamette Valley,2020,2020-05-31,152,607.722422485624
Willamette Valley,2020,2020-06-01,153,616.0073926125823
Willamette Valley,2020,2020-06-02,154,625.8977384562311
Willamette Valley,2020,2020-06-03,155,640.3758313206902
Willamette Valley,2020,2020-06-04,156,648.9024111816731
Willamette Valley,2020,2020-06-05,157,656.9777246692502
Willamette Valley,2020,2020-06-06,158,665.9850004659044
Willamette Valley,2020,2020-06-07,159,673.6063711785944
Willamette Valley,2020,2020-06-08,160,684.3966319041309
Willamette Valley,2020,2020-06-09,161,699.6104087639466
Willamette Valley,2020,2020-06-10,162,710.9908874984342
Willamette Valley,2020,2020-06-11,163,720.6766775734559
Willamette Valley,2020,2020-06-12,164,730.2462618416787
Willamette Valley,2020,2020-06-13,165,736.071546896085
Willamette Valley,2020,2020-06-14,166,749.1013535537812
Willamette Valley,2020,2020-06-15,167,759.3011060165783
Willamette Valley,2020,2020-06-16,168,769.1985686981094
Willamette Valley,2020,2020-06-17,169,789.0314759571542
Willamette Valley,2020,2020-06-18,170,800.3403118929655
Willamette Valley,2020,2020-06-19,171,808.5552244214347
Willamette Valley,2020,2020-06-20,172,817.7285606050134
Willamette Valley,2020,2020-06-21,173,831.539799628643
Willamette Valley,2020,2020-06-22,174,842.3023769933014
Willamette Valley,2020,2020-06-23,175,848.4955388287556
Willamette Valley,2020,2020-06-24,176,861.6317188616162
Willamette Valley,2020,2020-06-25,177,870.092977389707
Willamette Valley,2020,2020-06-26,178,886.0389550494062
Willamette Valley,2020,2020-06-27,179,899.6487583611154
Willamette Valley,2020,2020-06-28,180,908.7603532569789
Willamette Valley,2020,2020-06-29,181,922.9620218687392
Willamette Valley,2020,2020-06-30,182,933.5908492641055
Willamette Valley,2020,2020-07-01,183,946.531314038117
Willamette Valley,2020,2020-07-02,184,958.3878734546032
Willamette Valley,2020,2020-07-03,185,966.3242838450516
Willamette Valley,2020,2020-07-04,186,974.857974121586
Willamette Valley,2020,2020-07-05,187,988.3202670810043
Willamette Valley,2020,2020-07-06,188,997.7633192610544
Willamette Valley,2020,2020-07-07,189,1007.0035353857061
Willamette Valley,2020,2020-07-08,190,1014.6196227315224
Willamette Valley,2020,2020-07-09,191,1026.2961390914159
Willamette Valley,2020,2020-07-10,192,1042.7994035570562
Willamette Valley,2020,2020-07-11,193,1050.0844348213175
Willamette Valley,2020,2020-07-12,194,1060.5847510703034
Willamette Valley,2020,2020-07-13,195,1075.1728249559217
Willamette Valley,2020,2020-07-14,196,1085.3672639439958
Willamette Valley,2020,2020-07-15,197,1097.128517952565
Willamette Valley,2020,2020-07-16,198,1104.4286850584529
Willamette Valley,2020,2020-07-17,199,1116.1190668916531
Willamette Valley,2020,2020-07-18,200,1125.996902605014
Willamette Valley,2020,2020-07-19,201,1139.328932785703
Willamette Valley,2020,2020-07-20,202,1153.25485376602
Willamette Valley,2020,2020-07-21,203,1171.3102831152314
Willamette Valley,2020,2020-07-22,204,1183.4463305342695
Willamette Valley,2020,2020-07-23,205,1194.8348111465566
Willamette Valley,2020,2020-07-24,206,1205.8362744370506
Willamette Valley,2020,2020-07-25,207,1215.2251639870196
Willamette Valley,2020,2020-07-26,208,1226.651010228872
Willamette Valley,2020,2020-07-27,209,1236.2100212870187
Willamette Valley,2020,2020-07-28,210,1247.1351386213823
Willamette Valley,2020,2020-07-29,211,1261.4445412781597
Willamette Valley,2020,2020-07-30,212,1268.9091932682313
Willamette Valley,2020,2020-07-31,213,1282.695201458132
Willamette Valley,2020,2020-08-01,214,1297.0031832130462
Willamette Valley,2020,2020-08-02,215,1307.084451672841
Willamette Valley,2020,2020-08-03,216,1311.2644329853745
Willamette Valley,2020,2020-08-04,217,1319.9033441960157
Willamette Valley,2020,2020-08-05,218,1334.152069648798
Willamette Valley,2020,2020-08-06,219,1344.5137099518925
Willamette Valley,2020,2020-08-07,220,1351.9996852150343
Willamette Valley,2020,2020-08-08,221,1360.9420770430963
Willamette Valley,2020,2020-08-09,222,1373.846748495334
Willamette Valley,2020,2020-08-10,223,1385.8859043400407
Willamette Valley,2020,2020-08-11,224,1395.611221359587
Willamette Valley,2020,2020-08-12,225,1404.9598868201722
Willamette Valley,2020,2020-08-13,226,1414.2351207288225
Willamette Valley,2020,2020-08-14,227,1421.9475483023125
Willamette Valley,2020,2020-08-15,228,1437.1339278747223
Willamette Valley,2020,2020-08-16,229,1446.61366047308
Willamette Valley,2020,2020-08-17,230,1460.627263400257
Willamette Valley,2020,2020-08-18,231,1475.5366309428998
Willamette Valley,2020,2020-08-19,232,1488.9057127370106
Willamette Valley,2020,2020-08-20,233,1498.0635498625318
Willamette Valley,2020,2020-08-21,234,1509.6815507389636
Willamette Valley,2020,2020-08-22,235,1520.0392813344179
Willamette Valley,2020,2020-08-23,236,1527.8068061937977
Willamette Valley,2020,2020-08-24,237,1539.1910546406848
Willamette Valley,2020,2020-08-25,238,1546.1476905686452
Willamette Valley,2020,2020-08-26,239,1560.0744754460736
Willamette Valley,2020,2020-08-27,240,1569.1351342078124
Willamette Valley,2020,2020-08-28,241,1580.1565513775126
Willamette Valley,2020,2020-08-29,242,1591.419841728081
Willamette Valley,2020,2020-08-30,243,1601.0863372737272
Willamette Valley,2020,2020-08-31,244,1613.243178723204
Willamette Valley,2020,2020-09-01,245,1622.2735434571364
Willamette Valley,2020,2020-09-02,246,1635.2685615587545
Willamette Valley,2020,2020-09-03,247,1641.7335481594255
Willamette Valley,2020,2020-09-04,248,1652.5347329183962
Willamette Valley,2020,2020-09-05,249,1668.6739989930772
Willamette Valley,2020,2020-09-06,250,1676.1569435093734
Willamette Valley,2020,2020-09-07,251,1684.5899267782047
Willamette Valley,2020,2020-09-08,252,1696.5324086492587
Willamette Valley,2020,2020-09-09,253,1707.4902775126695
Willamette Valley,2020,2020-09-10,254,1718.9518953039799
Willamette Valley,2020,2020-09-11,255,1730.8215729747658
Willamette Valley,2020,2020-09-12,256,1743.1198591702737
Willamette Valley,2020,2020-09-13,257,1756.8169889796932
Willamette Valley,2020,2020-09-14,258,1768.4529210988342
Willamette Valley,2020,2020-09-15,259,1778.1713891994177
Willamette Valley,2020,2020-09-16,260,1790.581152794462
Willamette Valley,2020,2020-09-17,261,1806.605422609511
Willamette Valley,2020,2020-09-18,262,1816.643795507587
Willamette Valley,2020,2020-09-19,263,1824.2027287274404
Willamette Valley,2020,2020-09-20,264,1837.8921448952135
Willamette Valley,2020,2020-09-21,265,1847.9666024818664
Willamette Valley,2020,2020-09-22,266,1851.996931202959
Willamette Valley,2020,2020-09-23,267,1864.9216339789432
Willamette Valley,2020,2020-09-24,268,1873.774044364397
Willamette Valley,2020,2020-09-25,269,1883.936405992524
Willamette Valley,2020,2020-09-26,270,1895.34309894659
Willamette Valley,2020,2020-09-27,271,1906.3331217616872
Willamette Valley,2020,2020-09-28,272,1918.851493916321
Willamette Valley,2020,2020-09-29,273,1927.99794523853
Willamette Valley,2020,2020-09-30,274,1939.9380650134178
Willamette Valley,2020,2020-10-01,275,1949.602670697494
Willamette Valley,2020,2020-10-02,276,1962.2075061136109
Willamette Valley,2020,2020-10-03,277,1974.448793508318
Willamette Valley,2020,2020-10-04,278,1982.122851211538
Willamette Valley,2020,2020-10-05,279,1995.7501307054401
Willamette Valley,2020,2020-10-06,280,2004.6006702094621
Willamette Valley,2020,2020-10-07,281,2017.409443684957
Willamette Valley,2020,2020-10-08,282,2028.9201181047656
Willamette Valley,2020,2020-10-09,283,2044.7626823534831
Willamette Valley,2020,2020-10-10,284,2054.533548138882
Willamette Valley,2020,2020-10-11,285,2063.9337747184227
Willamette Valley,2020,2020-10-12,286,2074.3055709601845
Willamette Valley,2020,2020-10-13,287,2083.8416741817205
Willamette Valley,2020,2020-10-14,288,2096.626545790518
Willamette Valley,2020,2020-10-15,289,2102.295389421902
Willamette Valley,2020,2020-10-16,290,2109.621211336257
Willamette Valley,2020,2020-10-17,291,2116.905447410583
Willamette Valley,2020,2020-10-18,292,2130.1331562032055
Willamette Valley,2020,2020-10-19,293,2145.600017229694
Willamette Valley,2020,2020-10-20,294,2155.721395479162
Willamette Valley,2020,2020-10-21,295,2165.6531923243206
Willamette Valley,2020,2020-10-22,296,2176.288489010951
Willamette Valley,2020,2020-10-23,297,2190.139287935756
Willamette Valley,2020,2020-10-24,298,2197.8371581862225
Willamette Valley,2020,2020-10-25,299,2208.9681593542145
Willamette Valley,2020,2020-10-26,300,2222.2691710010076
Willamette Valley,2020,2020-10-27,301,2234.173915713804
Willamette Valley,2020,2020-10-28,302,2245.1612347703954
Willamette Valley,2020,2020-10-29,303,2258.538371898097
Willamette Valley,2020,2020-10-30,304,2261.006157244645
Willamette Valley,2020,2020-10-31,305,2273.4315344662396
Willamette Valley,2021,2021-04-01,91,13.054766317502978
Willamette Valley,2021,2021-04-02,92,28.087537136229656
Willamette Valley,2021,2021-04-03,93,42.228309723838635
Willamette Valley,2021,2021-04-04,94,57.34413068092733
Willamette Valley,2021,2021-04-05,95,69.76672186985823
Willamette Valley,2021,2021-04-06,96,80.18944041785463
Willamette Valley,2021,2021-04-07,97,85.58048624433009
Willamette Valley,2021,2021-04-08,98,95.03881715544672
Willamette Valley,2021,2021-04-09,99,102.70578287896657
Willamette Valley,2021,2021-04-10,100,119.41437201279818
Willamette Valley,2021,2021-04-11,101,129.08321096040342
Willamette Valley,2021,2021-04-12,102,139.64922804244733
Willamette Valley,2021,2021-04-13,103,151.4999526260089
Willamette Valley,2021,2021-04-14,104,161.82718757105903
Willamette Valley,2021,2021-04-15,105,177.1082507993844
Willamette Valley,2021,2021-04-16,106,185.436939097171
Willamette Valley,2021,2021-04-17,107,196.2171417497974
Willamette Valley,2021,2021-04-18,108,204.18640392294222
Willamette Valley,2021,2021-04-19,109,210.42319130152907
Willamette Valley,2021,2021-04-20,110,218.78451700235516
Willamette Valley,2021,2021-04-21,111,228.86985948630328
Willamette Valley,2021,2021-04-22,112,237.77852860836921
Willamette Valley,2021,2021-04-23,113,245.8979239154128
Willamette Valley,2021,2021-04-24,114,251.87585347808317
Willamette Valley,2021,2021-04-25,115,261.82300407142895
Willamette Valley,2021,2021-04-26,116,267.5057557386155
Willamette Valley,2021,2021-04-27,117,279.98212672732285
Willamette Valley,2021,2021-04-28,118,290.42586142197797
Willamette Valley,2021,2021-04-29,119,296.25010493199653
Willamette Valley,2021,2021-04-30,120,305.51901586400555
Willamette Valley,2021,2021-05-01,121,313.459223612627
Willamette Valley,2021,2021-05-02,122,324.6130883963938
Willamette Valley,2021,2021-05-03,123,338.8304609593465
Willamette Valley,2021,2021-05-04,124,343.40197242477467
Willamette Valley,2021,2021-05-05,125,353.94345588679823
Willamette Valley,2021,2021-05-06,126,363.65954894862597
Willamette Valley,2021,2021-05-07,127,375.8698000756783
Willamette Valley,2021,2021-05-08,128,386.7057644221919
Willamette Valley,2021,2021-05-09,129,394.6465333337471
Willamette Valley,2021,2021-05-10,130,403.8859127748965
Willamette Valley,2021,2021-05-11,131,411.69452591683614
Willamette Valley,2021,2021-05-12,132,425.11865142362507
Willamette Valley,2021,2021-05-13,133,435.3790209606311
Willamette Valley,2021,2021-05-14,134,451.27843852888316
Willamette Valley,2021,2021-05-15,135,461.2929163653684
Willamette Valley,2021,2021-05-16,136,469.3643593206178
Willamette Valley,2021,2021-05-17,137,475.02013175042975
Willamette Valley,2021,2021-05-18,138,479.807719023789
Willamette Valley,2021,2021-05-19,139,485.25224886976133
Willamette Valley,2021,2021-05-20,140,496.24998638505275
Willamette Valley,2021,2021-05-21,141,507.97244330959194
Willamette Valley,2021,2021-05-22,142,513.4258079555619
Willamette Valley,2021,2021-05-23,143,526.3070836972804
Willamette Valley,2021,2021-05-24,144,535.0544931837454
Willamette Valley,2021,2021-05-25,145,545.6912674897787
Willamette Valley,2021,2021-05-26,146,560.7238654373647
Willamette Valley,2021,2021-05-27,147,573.6105436200884
Willamette Valley,2021,2021-05-28,148,583.001477092513
Willamette Valley,2021,2021-05-29,149,590.5246209500064
Willamette Valley,2021,2021-05-30,150,594.2662903093751
Willamette Valley,2021,2021-05-31,151,602.3054969751745
Willamette Valley,2021,2021-06-01,152,611.8686136878077
Willamette Valley,2021,2021-06-02,153,619.1038257187305
Willamette Valley,2021,2021-06-03,154,628.9065372174347
Willamette Valley,2021,2021-06-04,155,639.3335100531808
Willamette Valley,2021,2021-06-05,156,648.8554538379798
Willamette Valley,2021,2021-06-06,157,657.1020910499202
Willamette Valley,2021,2021-06-07,158,667.8044434853144
Willamette Valley,2021,2021-06-08,159,679.3265682164625
Willamette Valley,2021,2021-06-09,160,686.2521539414491
Willamette Valley,2021,2021-06-10,161,700.6809502193112
Willamette Valley,2021,2021-06-11,162,710.5816579853142
Willamette Valley,2021,2021-06-12,163,720.8346422166408
Willamette Valley,2021,2021-06-13,164,733.1555048291444
Willamette Valley,2021,2021-06-14,165,744.0515214114123
Willamette Valley,2021,2021-06-15,166,757.1070739069186
Willamette Valley,2021,2021-06-16,167,768.1647976983483
Willamette Valley,2021,2021-06-17,168,776.5241187573827
Willamette Valley,2021,2021-06-18,169,787.8049573212653
Willamette Valley,2021,2021-06-19,170,794.5705783672391
Willamette Valley,2021,2021-06-20,171,805.0926647354565
Willamette Valley,2021,2021-06-21,172,815.1894264457135
Willamette Valley,2021,2021-06-22,173,824.7615823587372
Willamette Valley,2021,2021-06-23,174,834.5724513722313
Willamette Valley,2021,2021-06-24,175,839.1239352022795
Willamette Valley,2021,2021-06-25,176,847.6743736970363
Willamette Valley,2021,2021-06-26,177,858.149320575748
Willamette Valley,2021,2021-06-27,178,868.8252809282684
Willamette Valley,2021,2021-06-28,179,875.9390188075961
Willamette Valley,2021,2021-06-29,180,889.93218697646
Willamette Valley,2021,2021-06-30,181,897.5303751260957
Willamette Valley,2021,2021-07-01,182,910.6348842072201
Willamette Valley,2021,2021-07-02,183,922.1127746961804
Willamette Valley,2021,2021-07-03,184,930.3707365380386
Willamette Valley,2021,2021-07-04,185,945.892554172626
Willamette Valley,2021,2021-07-05,186,952.5084589853149
Willamette Valley,2021,2021-07-06,187,965.462074748675
Willamette Valley,2021,2021-07-07,188,978.659949428963
Willamette Valley,2021,2021-07-08,189,986.844740216896
Willamette Valley,2021,2021-07-09,190,1001.218141042567
Willamette Valley,2021,2021-07-10,191,1010.6645211227135
Willamette Valley,2021,2021-07-11,192,1021.726952814569
Willamette Valley,2021,2021-07-12,193,1032.7042780254997
Willamette Valley,2021,2021-07-13,194,1042.497835157375
Willamette Valley,2021,2021-07-14,195,1055.1264471707195
Willamette Valley,2021,2021-07-15,196,1067.7031059535063
Willamette Valley,2021,2021-07-16,197,1072.654499224017
Willamette Valley,2021,2021-07-17,198,1086.763552493049
Willamette Valley,2021,2021-07-18,199,1091.973038757627
Willamette Valley,2021,2021-07-19,200,1105.2667950805887
Willamette Valley,2021,2021-07-20,201,1118.8429986953101
Willamette Valley,2021,2021-07-21,202,1125.7668825397657
Willamette Valley,2021,2021-07-22,203,1134.7310096781289
Willamette Valley,2021,2021-07-23,204,1141.6106834261552
Willamette Valley,2021,2021-07-24,205,1151.16242895229
Willamette Valley,2021,2021-07-25,206,1160.4348638947574
Willamette Valley,2021,2021-07-26,207,1172.970042445905
Willamette Valley,2021,2021-07-27,208,1187.0969993543679
Willamette Valley,2021,2021-07-28,209,1201.4800547036614
Willamette Valley,2021,2021-07-29,210,1209.99016805445
Willamette Valley,2021,2021-07-30,211,1219.5590092643263
Willamette Valley,2021,2021-07-31,212,1224.7056634800633
Willamette Valley,2021,2021-08-01,213,1232.4847470777122
Willamette Valley,2021,2021-08-02,214,1245.575440899752
Willamette Valley,2021,2021-08-03,215,1260.6181243796368
Willamette Valley,2021,2021-08-04,216,1267.1119058295042
Willamette Valley,2021,2021-08-05,217,1275.531139976214
Willamette Valley,2021,2021-08-06,218,1285.6483722490816
Willamette Valley,2021,2021-08-07,219,1296.6852092032964
Willamette Valley,2021,2021-08-08,220,1304.453093610586
Willamette Valley,2021,2021-08-09,221,1315.9215851291817
Willamette Valley,2021,2021-08-10,222,1324.6966568397654
Willamette Valley,2021,2021-08-11,223,1334.8497458251236
Willamette Valley,2021,2021-08-12,224,1346.6848686544033
Willamette Valley,2021,2021-08-13,225,1356.9005747205708
Willamette Valley,2021,2021-08-14,226,1365.7879950643505
Willamette Valley,2021,2021-08-15,227,1375.6556412691864
Willamette Valley,2021,2021-08-16,228,1385.58702135026
Willamette Valley,2021,2021-08-17,229,1394.673545476708
Willamette Valley,2021,2021-08-18,230,1404.0936796544133
Willamette Valley,2021,2021-08-19,231,1419.0855614821337
Willamette Valley,2021,2021-08-20,232,1430.9645853251313
Willamette Valley,2021,2021-08-21,233,1440.2746782321506
Willamette Valley,2021,2021-08-22,234,1452.561764316863
Willamette Valley,2021,2021-08-23,235,1461.7568517226869
Willamette Valley,2021,2021-08-24,236,1475.4722992936436
Willamette Valley,2021,2021-08-25,237,1486.7775513081647
Willamette Valley,2021,2021-08-26,238,1496.6521197696356
Willamette Valley,2021,2021-08-27,239,1508.191571519449
Willamette Valley,2021,2021-08-28,240,1513.6758765831366
Willamette Valley,2021,2021-08-29,241,1520.4923685301428
Willamette Valley,2021,2021-08-30,242,1527.1074089092065
Willamette Valley,2021,2021-08-31,243,1537.7326346699865
Willamette Valley,2021,2021-09-01,244,1553.1260780357468
Willamette Valley,2021,2021-09-02,245,1570.0157205420237
Willamette Valley,2021,2021-09-03,246,1582.1261151754998
Willamette Valley,2021,2021-09-04,247,1593.8249329246357
Willamette Valley,2021,2021-09-05,248,1598.618765371906
Willamette Valley,2021,2021-09-06,249,1607.1873552945049
Willamette Valley,2021,2021-09-07,250,1615.0206921683794
Willamette Valley,2021,2021-09-08,251,1623.3547851920143
Willamette Valley,2021,2021-09-09,252,1633.0468476951264
Willamette Valley,2021,2021-09-10,253,1641.8271651658363
Willamette Valley,2021,2021-09-11,254,1646.0863272384788
Willamette Valley,2021,2021-09-12,255,1658.526264910456
Willamette Valley,2021,2021-09-13,256,1665.5048132578409
Willamette Valley,2021,2021-09-14,257,1676.4189201488575
Willamette Valley,2021,2021-09-15,258,1692.8369594915669
Willamette Valley,2021,2021-09-16,259,1700.2755350849231
Willamette Valley,2021,2021-09-17,260,1702.8819066782867
Willamette Valley,2021,2021-09-18,261,1712.220424904318
Willamette Valley,2021,2021-09-19,262,1725.7194000811778
Willamette Valley,2021,2021-09-20,263,1741.790270044154
Willamette Valley,2021,2021-09-21,264,1748.2984478223996
Willamette Valley,2021,2021-09-22,265,1759.9848311153703
Willamette Valley,2021,2021-09-23,266,1768.7854868242086
Willamette Valley,2021,2021-09-24,267,1778.6641162305557
Willamette Valley,2021,2021-09-25,268,1796.792758907846
Willamette Valley,2021,2021-09-26,269,1802.4807601635448
Willamette Valley,2021,2021-09-27,270,1813.4383409052405
Willamette Valley,2021,2021-09-28,271,1825.037715133151
Willamette Valley,2021,2021-09-29,272,1838.4911751345508
Willamette Valley,2021,2021-09-30,273,1848.981535160126
Willamette Valley,2021,2021-10-01,274,1860.1020315169615
Willamette Valley,2021,2021-10-02,275,1869.1236498111418
Willamette Valley,2021,2021-10-03,276,1880.127387570322
Willamette Valley,2021,2021-10-04,277,1889.2943595559834
Willamette Valley,2021,2021-10-05,278,1901.3553217186407
Willamette Valley,2021,2021-10-06,279,1910.4430478010422
Willamette Valley,2021,2021-10-07,280,1921.7706720835693
Willamette Valley,2021,2021-10-08,281,1931.8793340815478
Willamette Valley,2021,2021-10-09,282,1945.4535732433185
Willamette Valley,2021,2021-10-10,283,1955.4958494465413
Willamette Valley,2021,2021-10-11,284,1960.3737489096354
Willamette Valley,2021,2021-10-12,285,1974.355559244537
Willamette Valley,2021,2021-10-13,286,1981.835087431975
Willamette Valley,2021,2021-10-14,287,1990.0704345498525
Willamette Valley,2021,2021-10-15,288,1998.4800785937152
Willamette Valley,2021,2021-10-16,289,2012.799403447722
Willamette Valley,2021,2021-10-17,290,2016.5894913111306
Willamette Valley,2021,2021-10-18,291,2036.1981949346114
Willamette Valley,2021,2021-10-19,292,2049.5624757044498
Willamette Valley,2021,2021-10-20,293,2060.4285637617813
Willamette Valley,2021,2021-10-21,294,2070.46034023077
Willamette Valley,2021,2021-10-22,295,2081.5133542431713
Willamette Valley,2021,2021-10-23,296,2093.2729994983006
Willamette Valley,2021,2021-10-24,297,2105.4048853402373
Willamette Valley,2021,2021-10-25,298,2117.2679659029272
Willamette Valley,2021,2021-10-26,299,2127.733121144859
Willamette Valley,2021,2021-10-27,300,2137.3376089912413
Willamette Valley,2021,2021-10-28,301,2147.0802778125867
Willamette Valley,2021,2021-10-29,302,2156.6920553173227
Willamette Valley,2021,2021-10-30,303,2170.2894515982825
Willamette Valley,2021,2021-10-31,304,2182.2663770370636
Willamette Valley,2022,2022-04-01,91,11.788779527162786
Willamette Valley,2022,2022-04-02,92,23.041341262168544
Willamette Valley,2022,2022-04-03,93,29.069763161261243
Willamette Valley,2022,2022-04-04,94,38.68113337693553
Willamette Valley,2022,2022-04-05,95,44.10594730804587
Willamette Valley,2022,2022-04-06,96,48.29195489001132
Willamette Valley,2022,2022-04-07,97,54.764204248385546
Willamette Valley,2022,2022-04-08,98,65.75825309371028
Willamette Valley,2022,2022-04-09,99,77.02781535858502
Willamette Valley,2022,2022-04-10,100,86.96116336090114
Willamette Valley,2022,2022-04-11,101,97.53829719428438
Willamette Valley,2022,2022-04-12,102,107.48103692585349
Willamette Valley,2022,2022-04-13,103,113.90845313401994
Willamette Valley,2022,2022-04-14,104,123.59534380499406
Willamette Valley,2022,2022-04-15,105,134.4011736139404
Willamette Valley,2022,2022-04-16,106,145.06696196540034
Willamette Valley,2022,2022-04-17,107,157.05251366890369
Willamette Valley,2022,2022-04-18,108,167.57865748238126
Willamette Valley,2022,2022-04-19,109,177.02118162164115
Willamette Valley,2022,2022-04-20,110,188.64609991107045
Willamette Valley,2022,2022-04-21,111,196.94089061151254
Willamette Valley,2022,2022-04-22,112,202.63833476352585
Willamette Valley,2022,2022-04-23,113,210.5184938998478
Willamette Valley,2022,2022-04-24,114,216.63186411405474
Willamette Valley,2022,2022-04-25,115,222.9569577551201
Willamette Valley,2022,2022-04-26,116,230.89344021446553
Willamette Valley,2022,2022-04-27,117,236.86252055448787
Willamette Valley,2022,2022-04-28,118,244.3026961663111
Willamette Valley,2022,2022-04-29,119,246.92791372473545
Willamette Valley,2022,2022-04-30,120,255.95092106833167
Willamette Valley,2022,2022-05-01,121,264.329906136993
Willamette Valley,2022,2022-05-02,122,270.2240780361875
Willamette Valley,2022,2022-05-03,123,280.60125290596073
Willamette Valley,2022,2022-05-04,124,291.82358149369895
Willamette Valley,2022,2022-05-05,125,295.3174265236721
Willamette Valley,2022,2022-05-06,126,301.37667845409055
Willamette Valley,2022,2022-05-07,127,307.4164429345068
Willamette Valley,2022,2022-05-08,128,312.93767922270274
Willamette Valley,2022,2022-05-09,129,323.8317681076383
Willamette Valley,2022,2022-05-10,130,331.6185246371267
Willamette Valley,2022,2022-05-11,131,339.19062946911646
Willamette Valley,2022,2022-05-12,132,341.48107139078405
Willamette Valley,2022,2022-05-13,133,351.7858917992591
Willamette Valley,2022,2022-05-14,134,356.39811264862834
Willamette Valley,2022,2022-05-15,135,364.9554272528005
Willamette Valley,2022,2022-05-16,136,374.1730282688293
Willamette Valley,2022,2022-05-17,137,386.680097592879
Willamette Valley,2022,2022-05-18,138,391.0810880509556
Willamette Valley,2022,2022-05-19,139,391.0810880509556
Willamette Valley,2022,2022-05-20,140,400.01468592372066
Willamette Valley,2022,2022-05-21,141,413.8574015501372
Willamette Valley,2022,2022-05-22,142,425.99488226091853
Willamette Valley,2022,2022-05-23,143,435.0068537962441
Willamette Valley,2022,2022-05-24,144,441.8892871482586
Willamette Valley,2022,2022-05-25,145,452.7155017163216
Willamette Valley,2022,2022-05-26,146,458.1345781407289
Willamette Valley,2022,2022-05-27,147,467.9563997987541
Willamette Valley,2022,2022-05-28,148,477.8666234738867
Willamette Valley,2022,2022-05-29,149,489.46135718208757
Willamette Valley,2022,2022-05-30,150,506.21660229346344
Willamette Valley,2022,2022-05-31,151,515.7835281947183
Willamette Valley,2022,2022-06-01,152,522.6133454384726
Willamette Valley,2022,2022-06-02,153,530.9110116166918
Willamette Valley,2022,2022-06-03,154,533.9144007318407
Willamette Valley,2022,2022-06-04,155,540.180175275584
Willamette Valley,2022,2022-06-05,156,547.3126821339112
Willamette Valley,2022,2022-06-06,157,554.0965718402192
Willamette Valley,2022,2022-06-07,158,562.9345337100757
Willamette Valley,2022,2022-06-08,159,568.8125167016252
Willamette Valley,2022,2022-06-09,160,580.5919373381615
Willamette Valley,2022,2022-06-10,161,588.9678906565018
Willamette Valley,2022,2022-06-11,162,597.3149740637729
Willamette Valley,2022,2022-06-12,163,604.6946210162004
Willamette Valley,2022,2022-06-13,164,613.5411940473913
Willamette Valley,2022,2022-06-14,165,624.4219931178975
Willamette Valley,2022,2022-06-15,166,630.1642098856007
Willamette Valley,2022,2022-06-16,167,636.5411129555299
Willamette Valley,2022,2022-06-17,168,643.9941499924073
Willamette Valley,2022,2022-06-18,169,648.2826336755636
Willamette Valley,2022,2022-06-19,170,654.170218544639
Willamette Valley,2022,2022-06-20,171,661.0994616807949
Willamette Valley,2022,2022-06-21,172,672.1299364196965
Willamette Valley,2022,2022-06-22,173,681.3025486963968
Willamette Valley,2022,2022-06-23,174,690.2657239436625
Willamette Valley,2022,2022-06-24,175,701.2248657855675
Willamette Valley,2022,2022-06-25,176,709.1830503043072
Willamette Valley,2022,2022-06-26,177,718.7440514875425
Willamette Valley,2022,2022-06-27,178,726.8059352229808
Willamette Valley,2022,2022-06-28,179,735.9870530141624
Willamette Valley,2022,2022-06-29,180,742.5927859517051
Willamette Valley,2022,2022-06-30,181,743.5624540935826
Willamette Valley,2022,2022-07-01,182,751.5300296103536
Willamette Valley,2022,2022-07-02,183,764.2256386123931
Willamette Valley,2022,2022-07-03,184,775.4134876703405
Willamette Valley,2022,2022-07-04,185,786.7203161434691
Willamette Valley,2022,2022-07-05,186,798.8492469731439
Willamette Valley,2022,2022-07-06,187,807.4937871360323
Willamette Valley,2022,2022-07-07,188,816.4682760503393
Willamette Valley,2022,2022-07-08,189,822.9680529799064
Willamette Valley,2022,2022-07-09,190,830.3835979235232
Willamette Valley,2022,2022-07-10,191,840.6287590641778
Willamette Valley,2022,2022-07-11,192,852.6597715633847
Willamette Valley,2022,2022-07-12,193,860.6116567414879
Willamette Valley,2022,2022-07-13,194,867.6199468652673
Willamette Valley,2022,2022-07-14,195,875.9968746028021
Willamette Valley,2022,2022-07-15,196,886.1978098169428
Willamette Valley,2022,2022-07-16,197,890.1887578525066
Willamette Valley,2022,2022-07-17,198,891.5915518328661
Willamette Valley,2022,2022-07-18,199,898.2951287760437
Willamette Valley,2022,2022-07-19,200,902.9636658905538
Willamette Valley,2022,2022-07-20,201,909.795983537124
Willamette Valley,2022,2022-07-21,202,917.7225617504358
Willamette Valley,2022,2022-07-22,203,924.7215625469853
Willamette Valley,2022,2022-07-23,204,937.5074167944447
Willamette Valley,2022,2022-07-24,205,946.8749270238349
Willamette Valley,2022,2022-07-25,206,956.1626651422235
Willamette Valley,2022,2022-07-26,207,966.4273696758961
Willamette Valley,2022,2022-07-27,208,971.3445396249309
Willamette Valley,2022,2022-07-28,209,982.8752072642083
Willamette Valley,2022,2022-07-29,210,991.0204677141645
Willamette Valley,2022,2022-07-30,211,1001.4317583725509
Willamette Valley,2022,2022-07-31,212,1006.5523057614723
Willamette Valley,2022,2022-08-01,213,1010.2095219762903
Willamette Valley,2022,2022-08-02,214,1021.068431556724
Willamette Valley,2022,2022-08-03,215,1030.5867526650536
Willamette Valley,2022,2022-08-04,216,1036.2229280944623
Willamette Valley,2022,2022-08-05,217,1041.9574536205203
Willamette Valley,2022,2022-08-06,218,1053.7502476982922
Willamette Valley,2022,2022-08-07,219,1058.5138312956194
Willamette Valley,2022,2022-08-08,220,1071.877258967826
Willamette Valley,2022,2022-08-09,221,1077.5177791916426
Willamette Valley,2022,2022-08-10,222,1087.8316300628746
Willamette Valley,2022,2022-08-11,223,1095.209079264558
Willamette Valley,2022,2022-08-12,224,1105.4160289728277
Willamette Valley,2022,2022-08-13,225,1112.1391093874631
Willamette Valley,2022,2022-08-14,226,1120.02010072165
Willamette Valley,2022,2022-08-15,227,1128.5196795035936
Willamette Valley,2022,2022-08-16,228,1133.8517845448137
Willamette Valley,2022,2022-08-17,229,1144.47667935945
Willamette Valley,2022,2022-08-18,230,1151.2935913302747
Willamette Valley,2022,2022-08-19,231,1158.974754605104
Willamette Valley,2022,2022-08-20,232,1164.3306605843595
Willamette Valley,2022,2022-08-21,233,1164.9252613455435
Willamette Valley,2022,2022-08-22,234,1172.7205153601199
Willamette Valley,2022,2022-08-23,235,1188.4219327234057
Willamette Valley,2022,2022-08-24,236,1199.1797687101373
Willamette Valley,2022,2022-08-25,237,1207.4966076312596
Willamette Valley,2022,2022-08-26,238,1215.0736439012587
Willamette Valley,2022,2022-08-27,239,1223.5171878673293
Willamette Valley,2022,2022-08-28,240,1233.5538818097796
Willamette Valley,2022,2022-08-29,241,1238.3435771693626
Willamette Valley,2022,2022-08-30,242,1250.102625492965
Willamette Valley,2022,2022-08-31,243,1260.6502605846413
Willamette Valley,2022,2022-09-01,244,1271.2064114843974
Willamette Valley,2022,2022-09-02,245,1280.913201434815
Willamette Valley,2022,2022-09-03,246,1289.3480934786871
Willamette Valley,2022,2022-09-04,247,1299.7666130694518
Willamette Valley,2022,2022-09-05,248,1309.9390268831194
Willamette Valley,2022,2022-09-06,249,1317.239279506817
Willamette Valley,2022,2022-09-07,250,1323.8728180310693
Willamette Valley,2022,2022-09-08,251,1332.5574370775867
Willamette Valley,2022,2022-09-09,252,1345.6364807937755
Willamette Valley,2022,2022-09-10,253,1350.2491611355656
Willamette Valley,2022,2022-09-11,254,1354.168232025152
Willamette Valley,2022,2022-09-12,255,1363.0438655773694
Willamette Valley,2022,2022-09-13,256,1371.5737145587855
Willamette Valley,2022,2022-09-14,257,1380.4754044422905
Willamette Valley,2022,2022-09-15,258,1389.5915116936744
Willamette Valley,2022,2022-09-16,259,1397.2890653815584
Willamette Valley,2022,2022-09-17,260,1410.188475176271
Willamette Valley,2022,2022-09-18,261,1413.702531317127
Willamette Valley,2022,2022-09-19,262,1419.5620607488818
Willamette Valley,2022,2022-09-20,263,1427.623844255361
Willamette Valley,2022,2022-09-21,264,1431.0094992403488
Willamette Valley,2022,2022-09-22,265,1438.8508283273286
Willamette Valley,2022,2022-09-23,266,1452.2713351850416
Willamette Valley,2022,2022-09-24,267,1460.710083167479
Willamette Valley,2022,2022-09-25,268,1469.785948811475
Willamette Valley,2022,2022-09-26,269,1474.334685854855
Willamette Valley,2022,2022-09-27,270,1480.8383814489323
Willamette Valley,2022,2022-09-28,271,1488.0743932508049
Willamette Valley,2022,2022-09-29,272,1495.484951403781
Willamette Valley,2022,2022-09-30,273,1507.7520861906582
Willamette Valley,2022,2022-10-01,274,1517.8208826611883
Willamette Valley,2022,2022-10-02,275,1522.8211793975802
Willamette Valley,2022,2022-10-03,276,1531.945034720028
Willamette Valley,2022,2022-10-04,277,1541.8332480370893
Willamette Valley,2022,2022-10-05,278,1553.6707230823708
Willamette Valley,2022,2022-10-06,279,1566.8454813344986
Willamette Valley,2022,2022-10-07,280,1572.138394076213
Willamette Valley,2022,2022-10-08,281,1578.051487251464
Willamette Valley,2022,2022-10-09,282,1582.6080796352255
Willamette Valley,2022,2022-10-10,283,1590.2727848327645
Willamette Valley,2022,2022-10-11,284,1600.0642425568892
Willamette Valley,2022,2022-10-12,285,1611.4376845196898
Willamette Valley,2022,2022-10-13,286,1619.5823779280174
Willamette Valley,2022,2022-10-14,287,1626.9864608034557
Willamette Valley,2022,2022-10-15,288,1635.8226102018075
Willamette Valley,2022,2022-10-16,289,1641.6619589159093
Willamette Valley,2022,2022-10-17,290,1656.3823289608824
Willamette Valley,2022,2022-10-18,291,1659.8758668023652
Willamette Valley,2022,2022-10-19,292,1668.8121703690283
Willamette Valley,2022,2022-10-20,293,1683.3323312848709
Willamette Valley,2022,2022-10-21,294,1691.7283040870968
Willamette Valley,2022,2022-10-22,295,1699.5265604492874
Willamette Valley,2022,2022-10-23,296,1706.816474402787
Willamette Valley,2022,2022-10-24,297,1714.6440256971914
Willamette Valley,2022,2022-10-25,298,1727.1881105285418
Willamette Valley,2022,2022-10-26,299,1728.8469457829056
Willamette Valley,2022,2022-10-27,300,1741.8786600408775
Willamette Valley,2022,2022-10-28,301,1745.9300288669292
Willamette Valley,2022,2022-10-29,302,1753.495643051973
Willamette Valley,2022,2022-10-30,303,1760.5675338117194
Willamette Valley,2022,2022-10-31,304,1770.7300457604288
